owner,owner_flag,status,status_flag,pipe_type,pipe_type_flag,width,width_flag,ds_width,ds_width_flag,pipe_material,pipe_material_flag,ds_pipe_material,ds_pipe_material_flag,lining_type,lining_type_flag,ds_lining_type,ds_lining_type_flag,lining_material,lining_material_flag,ds_lining_material,ds_lining_material_flag,length,length_flag,current_value,current_value_flag,replace_cost,replace_cost_flag,lifetime,lifetime_flag,year_laid,year_laid_flag,pipe_class,pipe_class_flag,asset_id,asset_id_flag,user_text_30,user_text_30_flag,user_text_35,user_text_35_flag,user_text_40,user_text_40_flag
WCC,IF,INUS,CONF,WWRM,CONF,50,CONF,50,#D,HDPE,CONF,HDPE,#D,,#D,,#D,,#D,,#D,15.594,#D,3179.74,OP14,4542.49,OP14,80,OP14,1/01/1990,CONF,,,WWP005240,IN,PS53,RMCO,0,,,
WCC,IF,INUS,CONF,WWRM,CSEA,50,CONF,50,#D,HDPE,CONF,HDPE,#D,,#D,,#D,,#D,,#D,26.652,#D,5434.55,OP14,7763.65,OP14,80,OP14,1/01/1990,CONF,,,WWP005241,IN,PS53,RMCO,0,,,
WCC,IF,INUS,CONF,WWRM,CONF,50,CONF,50,#D,HDPE,CONF,HDPE,#D,,#D,,#D,,#D,,#D,19.989,#D,4075.92,OP14,5822.74,OP14,80,OP14,1/01/1990,CONF,,,WWP006472,IN,PS81,RMCO,0,,,
WCC,IF,INUS,CONF,WWRM,CONF,150,CONF,150,#D,HDPE,CONF,HDPE,#D,,#D,,#D,,#D,,#D,86.05,#D,26972.68,OP14,38532.39,OP14,80,OP14,1/01/1990,CONF,SDR17,,WWP006524,IN,PS33,RMCO,0,,,
WCC,IF,INUS,CONF,WWRM,CONF,250,CONF,250,#D,AC,CONF,AC,#D,,#D,,#D,,#D,,#D,6.779,#D,281502.69,OP14,378945.92,OP14,70,OP14,1/01/1996,CONF,,,WWP040334,KOKE,PS25,RMCO,1,,,
WCC,IF,INUS,CONF,WWRM,CONF,250,CONF,250,#D,AC,CONF,AC,#D,,#D,,#D,,#D,,#D,92.579,#D,281502.69,OP14,378945.92,OP14,70,OP14,1/01/1996,CONF,,,WWP040329,KOKE,PS25,RMCO,0,,,
WCC,IF,INUS,CONF,WWRM,CONF,250,CONF,250,#D,AC,CONF,AC,#D,,#D,,#D,,#D,,#D,528.21,#D,281502.69,OP14,378945.92,OP14,70,OP14,1/01/1996,CONF,,,WWP006679,IN,PS25,RMCO,0,,,
WCC,IF,INUS,CONF,WWRM,CONF,200,CONF,200,#D,HDPE,CONF,HDPE,#D,,#D,,#D,,#D,,#D,113.985,#D,38212.44,OP14,59941.08,OP14,80,OP14,1/01/1985,CONF,,,WWP008752,IN,PS27,RMCO,1,,,
WCC,IF,INUS,CONF,WWRM,CONF,667,CONF,667,#D,ST,MSIM,ST,#D,,#D,,#D,,#D,,#D,4.386,#D,3562.64,OP14,5480.98,OP14,60,OP14,1/01/1993,CONF,,,WWP008829,IN,PS38,RMCO,0,,,
WCC,IF,INUS,CONF,WWRM,CONF,667,CONF,667,#D,ST,MSIM,ST,#D,,#D,,#D,,#D,,#D,39.997,#D,32488.57,OP14,49982.41,OP14,60,OP14,1/01/1993,CONF,,,WWP011290,IN,PS38,RMCO,1,,,
WCC,IF,INUS,CONF,WWRM,CONF,667,CONF,667,#D,ST,MSIM,ST,#D,,#D,,#D,,#D,,#D,49.996,#D,40610.51,OP14,62477.7,OP14,60,OP14,1/01/1993,CONF,,,WWP011291,IN,PS38,RMCO,0,,,
WCC,IF,INUS,CONF,WWRM,CONF,667,CONF,667,#D,ST,MSIM,ST,#D,,#D,,#D,,#D,,#D,36.197,#D,22616.86,OP14,45233.73,OP14,60,OP14,1/01/1975,HARM,,,WWP011292,IN,PS38,RMCO,0,,,
WCC,IF,INUS,CONF,WWRM,CONF,667,CONF,667,#D,ST,MSIM,ST,#D,,#D,,#D,,#D,,#D,147.089,#D,119476.73,OP14,183810.36,OP14,60,OP14,1/01/1993,CONF,,,WWP011306,IN,PS38,RMCO,0,,,
WCC,IF,INUS,CONF,WWRM,CONF,667,CONF,667,#D,ST,MSIM,ST,#D,,#D,,#D,,#D,,#D,29.997,#D,24365.82,OP14,37485.87,OP14,60,OP14,1/01/1993,CONF,,,WWP011307,IN,PS38,RMCO,0,,,
WCC,IF,INUS,CONF,WWRM,CONF,50,CONF,50,#D,HDPE,CONF,HDPE,#D,,#D,,#D,,#D,,#D,14.429,#D,2942.19,OP14,4203.13,OP14,80,OP14,1/01/1990,CONF,,,WWP011491,IN,PS81,RMCO,0,,,
WCC,IF,INUS,CONF,WWRM,CONF,50,CONF,50,#D,HDPE,CONF,HDPE,#D,,#D,,#D,,#D,,#D,17.42,#D,3552.08,OP14,5074.39,OP14,80,OP14,1/01/1990,CONF,,,WWP011492,IN,PS81,RMCO,0,,,
WCC,IF,INUS,CONF,WWRM,CONF,50,CONF,50,#D,HDPE,CONF,HDPE,#D,,#D,,#D,,#D,,#D,12.724,#D,2594.52,OP14,3706.46,OP14,80,OP14,1/01/1990,CONF,,,WWP011493,IN,PS81,RMCO,0,,,
WCC,IF,INUS,CONF,WWRM,CONF,50,CONF,50,#D,HDPE,CONF,HDPE,#D,,#D,,#D,,#D,,#D,48.181,#D,9824.49,OP14,14034.98,OP14,80,OP14,1/01/1990,CONF,,,WWP011494,IN,PS81,RMCO,0,,,
WCC,KOKE,INUS,KOKE,WWRM,KOKE,,#D,,#D,,#D,,#D,,#D,,#D,,#D,,#D,6.604,#D,,,,,,,,,,#D,WWP041788,CSEA,PS49,RMCO,0,,,
WCC,IF,INUS,CONF,WWRM,CONF,667,CONF,667,#D,ST,MSIM,ST,#D,,#D,,#D,,#D,,#D,162.041,#D,131621.87,OP14,202495.19,OP14,60,OP14,1/01/1993,CONF,,,WWP012362,IN,PS38,RMCO,0,,,
WCC,IF,INUS,CONF,WWRM,CONF,667,CONF,667,#D,ST,MSIM,ST,#D,,#D,,#D,,#D,,#D,59.993,#D,48730.82,OP14,74970.49,OP14,60,OP14,1/01/1993,CONF,,,WWP012485,IN,PS38,RMCO,0,,,
WCC,IF,INUS,CONF,WWRM,CONF,150,ASB,150,#D,AC,CONF,AC,#D,,#D,,#D,,#D,,#D,63.692,#D,15890.1,OP14,28520.69,OP14,70,OP14,1/01/1983,CONF,D,CONF,WWP012616,IN,PS37,RMCO,0,,PS37,RMCO
WCC,IF,INUS,CONF,WWRM,CONF,667,CONF,667,#D,ST,MSIM,ST,#D,,#D,,#D,,#D,,#D,110.041,#D,89383.57,OP14,137513.18,OP14,60,OP14,1/01/1993,CONF,,,WWP012626,IN,PS38,RMCO,0,,,
WCC,IF,INUS,CONF,WWRM,CONF,667,CONF,667,#D,ST,MSIM,ST,#D,,#D,,#D,,#D,,#D,19.999,#D,16244.69,OP14,24991.83,OP14,60,OP14,1/01/1993,CONF,,,WWP012629,IN,PS38,RMCO,0,,,
WCC,IF,INUS,CONF,WWRM,CONF,110,CONF,110,#D,HDPE,CONF,HDPE,#D,,#D,,#D,,#D,,#D,229.887,#D,70850.72,OP14,88563.39,OP14,80,OP14,1/01/1998,CONF,SDR22,CONF,WWP013975,IN,PS13,RMCO,0,,,
WCC,IF,INUS,CONF,WWRM,CONF,225,CONF,225,#D,CI,HARM,CI,#D,,#D,,#D,,#D,,#D,177.951,#D,50259.09,OP14,100518.18,OP14,100,OP14,1/01/1955,HARM,,,WWP014512,IN,PS01,RMCO,1,,,
WCC,IF,INUS,CONF,WWRM,CONF,300,CONF,300,#D,CI,CONF,CI,#D,,#D,,#D,,#D,,#D,178.735,#D,60920.38,OP14,121840.75,OP14,70,OP14,1/01/1985,HARM,,,WWP014514,IN,PS01,RMCO,0,,,
WCC,IF,INUS,CONF,WWRM,CONF,300,CONF,300,#D,CI,HARM,CI,#D,,#D,,#D,,#D,,#D,30.66,#D,11077.23,OP14,20900.43,OP14,100,OP14,1/01/1967,JB,,,WWP014515,IN,PS01,RMCO,0,,,
WCC,IF,INUS,CONF,WWRM,CONF,300,CONF,300,#D,CI,JB,CI,#D,,#D,,#D,,#D,,#D,41.792,#D,14244.46,OP14,28488.93,OP14,70,OP14,1/01/1985,HARM,,,WWP014543,IN,PS01,RMCO,0,,,
WCC,IF,INUS,CONF,WWRM,CONF,300,CONF,300,#D,CI,CONF,CI,#D,,#D,,#D,,#D,,#D,118.349,#D,40338.3,OP14,80676.6,OP14,70,OP14,1/01/1985,HARM,,,WWP014544,IN,PS01,RMCO,0,,,
WCC,IF,INUS,CONF,WWRM,CONF,300,CONF,300,#D,CI,CONF,CI,#D,,#D,,#D,,#D,,#D,34.979,#D,11922.31,OP14,23844.62,OP14,70,OP14,1/01/1985,HARM,,,WWP014545,IN,PS01,RMCO,0,,,
WCC,IF,INUS,CONF,WWRM,CONF,150,CONF,150,#D,AC,HARM,AC,#D,,#D,,#D,,#D,,#D,6.077,#D,114.34,OP14,2721.22,OP14,119,OP14,2/01/1900,CONF,,,WWP033724,IN,PS19,RMCO,0,,,
WCC,IF,INUS,CONF,WWRM,CONF,200,CONF,200,#D,HDPE,CONF,HDPE,#D,,#D,,#D,,#D,,#D,60.995,#D,20448.02,OP14,32075.32,OP14,80,OP14,1/01/1985,CONF,,,WWP017541,IN,PS27,RMCO,0,,,
WCC,IF,INUS,CONF,WWRM,CONF,530,CONF,530,#D,CI,CONF,CI,#D,,#D,,#D,,#D,,#D,15.663,#D,1052.17,OP14,17465.99,OP14,83,OP14,1/01/1936,CONF,,,WWP017542,IN,PS05 PS06 PS07,RMCO,0,,,
WCC,IF,INUS,CONF,WWRM,CONF,200,CONF,200,#D,HDPE,CONF,HDPE,#D,,#D,,#D,,#D,,#D,6.038,#D,1230.39,OP14,3175.19,OP14,80,OP14,1/01/1965,CONF,,,WWP017543,IN,PS27,RMCO,1,,,
WCC,IF,INUS,CONF,WWRM,CONF,200,CONF,200,#D,AC,CONF,AC,#D,,#D,,#D,,#D,,#D,51.059,#D,8055.09,OP14,26850.3,OP14,70,OP14,1/01/1965,JB,D,CONF,WWP017544,IN,PS27,RMCO,0,,,
WCC,IF,INUS,CONF,WWRM,CONF,200,CONF,200,#D,AC,CONF,AC,#D,,#D,,#D,,#D,,#D,30.465,#D,4806.17,OP14,16020.57,OP14,70,OP14,1/01/1965,JB,D,CONF,WWP017545,IN,PS27,RMCO,0,,,
WCC,IF,INUS,CONF,WWRM,CONF,200,CONF,200,#D,AC,CONF,AC,#D,,#D,,#D,,#D,,#D,83.5,#D,13173.,OP14,43909.99,OP14,70,OP14,1/01/1965,JB,D,CONF,WWP017546,IN,PS27,RMCO,0,,,
WCC,IF,INUS,CONF,WWRM,CONF,200,CONF,200,#D,AC,CONF,AC,#D,,#D,,#D,,#D,,#D,13.709,#D,2162.74,OP14,7209.13,OP14,70,OP14,1/01/1965,JB,D,CONF,WWP017547,IN,PS27,RMCO,0,,,
WCC,IF,INUS,CONF,WWRM,CONF,200,CONF,200,#D,HDPE,CONF,HDPE,#D,,#D,,#D,,#D,,#D,2.791,#D,568.73,OP14,1467.7,OP14,80,OP14,1/01/1965,JB,,,WWP017548,IN,PS27,RMCO,0,,,
WCC,IF,INUS,CONF,WWRM,CONF,200,CONF,200,#D,AC,CONF,AC,#D,,#D,,#D,,#D,,#D,122.371,#D,19305.3,OP14,64351.01,OP14,70,OP14,1/01/1965,JB,D,CONF,WWP017549,IN,PS27,RMCO,0,,,
WCC,IF,INUS,CONF,WWRM,CONF,200,CONF,200,#D,AC,CONF,AC,#D,,#D,,#D,,#D,,#D,44.509,#D,7021.76,OP14,23405.86,OP14,70,OP14,1/01/1965,JB,D,CONF,WWP017550,IN,PS27,RMCO,0,,,
WCC,IF,INUS,CONF,WWRM,CONF,200,CONF,200,#D,AC,CONF,AC,#D,,#D,,#D,,#D,,#D,77.712,#D,12259.88,OP14,40866.26,OP14,70,OP14,4/01/1965,JB,D,CONF,WWP017551,IN,PS27,RMCO,0,,,
WCC,IF,INUS,CONF,WWRM,CONF,200,CONF,200,#D,AC,CONF,AC,#D,,#D,,#D,,#D,,#D,8.672,#D,1433.25,OP14,4560.33,OP14,70,OP14,1/01/1966,JB,D,CONF,WWP017552,IN,PS27,RMCO,0,,,
WCC,IF,INUS,CONF,WWRM,CONF,200,CONF,200,#D,AC,CONF,AC,#D,,#D,,#D,,#D,,#D,9.299,#D,1536.87,OP14,4890.05,OP14,70,OP14,1/01/1966,JB,D,CONF,WWP017553,IN,PS27,RMCO,1,,,
WCC,IF,INUS,CONF,WWRM,CONF,530,CONF,530,#D,CI,CONF,CI,#D,,#D,,#D,,#D,,#D,102.039,#D,6382.63,OP14,105951.64,OP14,83,OP14,1/01/1936,CONF,,,WWP017554,IN,PS05 PS06 PS07,RMCO,0,,,
WCC,IF,INUS,CONF,WWRM,CONF,530,CONF,530,#D,CI,CONF,CI,#D,,#D,,#D,,#D,,#D,118.373,#D,7389.64,OP14,122667.95,OP14,83,OP14,1/01/1936,CONF,,,WWP017555,IN,PS05 PS06 PS07,RMCO,0,,,
WCC,IF,INUS,CONF,WWRM,CONF,300,CONF,300,#D,CI,CONF,CI,#D,,#D,,#D,,#D,,#D,38.348,#D,6722.03,OP14,26141.21,OP14,70,OP14,1/01/1962,CONF,,,WWP017556,IN,PS07,RMCO,0,,,
WCC,IF,INUS,CONF,WWRM,CONF,150,CONF,150,#D,AC,CONF,AC,#D,,#D,,#D,,#D,,#D,12.949,#D,2733.55,OP14,5798.44,OP14,70,OP14,1/01/1977,CONF,,,WWP018215,IN,PS61,RMCO,0,,,
WCC,ASB,INUS,ASB,WWRM,ASB,450,HARM,450,#D,CONC,HARM,CONC,#D,,#D,,#D,,#D,,#D,365.258,#D,81779.58,OP14,163559.15,OP14,100,OP14,1/01/1955,HARM,,,WWP039420,IN,PS23,RMCO,0,,,
WCC,IF,INUS,CSEA,WWRM,CSEA,100,ASB,100,#D,HDPE,ASB,HDPE,#D,,#D,,#D,,#D,,#D,3.689,#D,681.73,OP14,1363.46,OP14,80,OP14,1/01/1975,HARM,,,WWP039872,,PS13,RMCO,0,,,
WCC,IF,INUS,CONF,WWRM,CONF,600,HARM,600,#D,RCON,HARM,RCON,#D,,#D,,#D,,#D,,#D,22.123,#D,7528.92,OP14,9906.47,OP14,100,OP14,1/01/1990,CONF,,,WWP019090,IN,PS58,RMCO,0,,,
WCC,IF,INUS,CONF,WWRM,CONF,50,CONF,50,#D,HDPE,CONF,HDPE,#D,,#D,,#D,,#D,,#D,36.109,#D,7362.91,OP14,10518.45,OP14,80,OP14,1/01/1990,CONF,,,WWP019092,IN,PS57,RMCO,0,,,
WCC,IF,INUS,CONF,WWRM,CONF,50,CONF,50,#D,HDPE,CONF,HDPE,#D,,#D,,#D,,#D,,#D,19.085,#D,4259.64,OP14,6085.2,OP14,80,OP14,1/01/1990,CONF,,,WWP019095,IN,PS51,RMCO,0,,,
WCC,IF,INUS,CONF,WWRM,CONF,50,CONF,50,#D,HDPE,CONF,HDPE,#D,,#D,,#D,,#D,,#D,31.498,#D,6422.69,OP14,9175.27,OP14,80,OP14,1/01/1990,CONF,,,WWP019098,IN,PS53,RMCO,0,,,
WCC,IF,INUS,CONF,WWRM,CONF,150,JB,150,#D,HDPE,CONF,HDPE,#D,,#D,,#D,,#D,,#D,31.897,#D,9819.69,OP14,14283.18,OP14,80,OP14,1/01/1989,CONF,,,WWP019099,IN,PS52,RMCO,3,,,
WCC,IF,INUS,CONF,WWRM,CONF,50,CONF,50,#D,HDPE,CONF,HDPE,#D,,#D,,#D,,#D,,#D,58.44,#D,11916.38,OP14,17023.4,OP14,80,OP14,1/01/1990,CONF,,,WWP019103,IN,PS54,RMCO,0,,,
WCC,IF,INUS,CONF,WWRM,CONF,50,CONF,50,#D,HDPE,CONF,HDPE,#D,,#D,,#D,,#D,,#D,42.,#D,8564.13,OP14,12234.48,OP14,80,OP14,1/01/1990,CONF,,,WWP019106,IN,PS55,RMCO,0,,,
WCC,IF,INUS,CONF,WWRM,CSEA,100,CSEA,100,#D,uPVC,CSEA,uPVC,#D,,#D,,#D,,#D,,#D,22.796,#D,4212.71,OP14,8425.41,OP14,80,OP14,1/01/1975,HARM,,,WWP019109,IN,PS66,RMCO,0,,,
WCC,IF,INUS,CONF,WWRM,CSEA,100,CSEA,100,#D,uPVC,CSEA,uPVC,#D,,#D,,#D,,#D,,#D,10.021,#D,1851.88,OP14,3703.77,OP14,80,OP14,1/01/1975,HARM,,,WWP019110,IN,PS66,RMCO,0,,,
WCC,IF,INUS,CONF,WWRM,CSEA,100,HARM,100,#D,uPVC,CSEA,uPVC,#D,,#D,,#D,,#D,,#D,18.839,#D,4217.96,OP14,8435.93,OP14,100,OP14,1/01/1955,HARM,,,WWP019111,IN,PS66,RMCO,0,,,
WCC,IF,INUS,CONF,WWRM,CSEA,100,#D,100,INM,uPVC,CSEA,PVC,INM,,#D,,#D,,#D,,#D,11.427,#D,2557.78,OP14,5115.56,OP14,100,OP14,1/01/1955,HARM,,,WWP019112,IN,PS66,RMCO,0,,,
WCC,IF,INUS,CONF,WWRM,CONF,160,KOKE,160,#D,HPPE,KOKE,HPPE,#D,,#D,,#D,,#D,,#D,211.575,#D,47370.66,OP14,94741.33,OP14,100,OP14,1/01/1955,HARM,,,WWP033921,IN,PS36,RMCO,0,,,
WCC,IF,INUS,CONF,WWRM,CONF,667,CONF,667,#D,ST,MSIM,ST,#D,,#D,,#D,,#D,,#D,89.994,#D,73099.89,OP14,112461.36,OP14,60,OP14,1/01/1993,CONF,,,WWP019638,IN,PS38,RMCO,0,,,
WCC,IF,INUS,CONF,WWRM,CONF,667,CONF,667,#D,ST,MSIM,ST,#D,,#D,,#D,,#D,,#D,149.988,#D,121831.52,OP14,187433.11,OP14,60,OP14,1/01/1993,CONF,,,WWP019639,IN,PS38,RMCO,0,,,
WCC,CSEA,INUS,CSEA,WWRM,CSEA,150,ASB,150,#D,CI,ASB,CI,#D,,#D,,#D,,#D,,#D,245.647,#D,54999.23,OP14,109998.45,OP14,70,OP14,1/01/1985,HARM,,,WWP039834,,PS34,RMCO,0,,,
WCC,IF,INUS,CONF,WWRM,CONF,100,CONF,100,#D,AC,CONF,AC,#D,,#D,,#D,,#D,,#D,3.602,#D,155.13,OP14,987.2,OP14,70,OP14,1/01/1955,CONF,,,WWP019895,IN,PS33,RMCO,0,,,
WCC,IF,INUS,CONF,WWRM,CONF,100,CONF,100,#D,AC,CONF,AC,#D,,#D,,#D,,#D,,#D,291.594,#D,17128.57,OP14,108999.96,OP14,70,OP14,1/01/1955,CONF,,,WWP019896,IN,PS33,RMCO,1,,,
WCC,IF,INUS,CONF,WWRM,CONF,350,CONF,350,#D,HDPE,CONF,HDPE,#D,,#D,,#D,,#D,,#D,5.442,#D,3202.9,OP14,4132.78,OP14,80,OP14,1/01/1996,CONF,SDR17,,WWP020492,IN,PS26,RMCO,0,,,
WCC,IF,INUS,CONF,WWRM,CONF,350,CONF,350,#D,HDPE,CONF,HDPE,#D,,#D,,#D,,#D,,#D,2.626,#D,997.12,OP14,1994.24,OP14,80,OP14,1/01/1975,HARM,SDR17,,WWP020493,IN,PS26,RMCO,0,,,
WCC,IF,INUS,CONF,WWRM,CONF,350,CONF,350,#D,HDPE,CONF,HDPE,#D,,#D,,#D,,#D,,#D,49.286,#D,18714.44,OP14,37428.88,OP14,80,OP14,1/01/1975,HARM,SDR17,,WWP020495,IN,PS26,RMCO,0,,,
WCC,IF,INUS,CONF,WWRM,CONF,350,CONF,350,#D,HDPE,CONF,HDPE,#D,,#D,,#D,,#D,,#D,2.169,#D,1523.65,OP14,1647.19,OP14,80,OP14,1/01/2008,JB,SDR17,,WWP020496,IN,PS26,RMCO,0,,,
WCC,IF,INUS,CONF,WWRM,CONF,350,CONF,350,#D,HDPE,CONF,HDPE,#D,,#D,,#D,,#D,,#D,1.753,#D,1231.42,OP14,1331.27,OP14,80,OP14,1/01/2008,JB,SDR17,,WWP020497,IN,PS26,RMCO,0,,,
WCC,IF,INUS,CONF,WWRM,CONF,315,CONF,315,#D,HDPE,CONF,HDPE,#D,,#D,,#D,,#D,,#D,11.84,#D,7095.29,OP14,8347.4,OP14,80,OP14,1/01/2002,JB,SDR17,,WWP020502,IN,PS26,RMCO,0,,,
WCC,IF,INUS,CONF,WWRM,CONF,315,CONF,315,#D,HDPE,CONF,HDPE,#D,,#D,,#D,,#D,,#D,6.102,#D,3656.71,OP14,4302.01,OP14,80,OP14,1/01/2002,JB,SDR17,,WWP020503,IN,PS26,RMCO,0,,,
WCC,IF,INUS,CONF,WWRM,CONF,315,CONF,315,#D,HDPE,CONF,HDPE,#D,,#D,,#D,,#D,,#D,57.397,#D,37430.93,OP14,40465.87,OP14,80,OP14,1/01/2008,JB,SDR17,,WWP020504,IN,PS26,RMCO,1,,,
WCC,IF,INUS,CONF,WWRM,CONF,150,CONF,150,#D,HPPE,KOKE,HPPE,#D,,#D,,#D,,#D,,#D,66.862,#D,14970.09,OP14,29940.19,OP14,100,OP14,1/01/1955,HARM,,,WWP020562,IN,PS36,RMCO,0,,,
WCC,IF,INUS,CONF,WWRM,CONF,225,CONF,225,#D,CI,CONF,CI,#D,,#D,,#D,,#D,,#D,10.546,#D,2978.53,OP14,5957.06,OP14,70,OP14,1/01/1985,HARM,,,WWP020578,IN,PS10,RMCO,0,,,
WCC,IF,INUS,CONF,WWRM,CONF,225,CONF,225,#D,CI,CONF,CI,#D,,#D,,#D,,#D,,#D,29.498,#D,8331.19,OP14,16662.37,OP14,70,OP14,1/01/1985,HARM,,,WWP020580,IN,PS10,RMCO,0,,,
WCC,IF,INUS,CONF,WWRM,CONF,225,CONF,225,#D,CI,CONF,CI,#D,,#D,,#D,,#D,,#D,12.299,#D,3473.63,OP14,6947.27,OP14,70,OP14,1/01/1985,HARM,,,WWP020581,IN,PS10,RMCO,0,,,
WCC,IF,INUS,CONF,WWRM,CONF,225,CONF,225,#D,CI,JB,CI,#D,,#D,,#D,,#D,,#D,14.999,#D,4236.2,OP14,8472.4,OP14,70,OP14,1/01/1985,HARM,,,WWP020582,IN,PS10,RMCO,0,,,
WCC,IF,INUS,CONF,WWRM,CONF,225,CONF,225,#D,CI,CONF,CI,#D,,#D,,#D,,#D,,#D,8.72,#D,2462.81,OP14,4925.62,OP14,70,OP14,1/01/1985,HARM,,,WWP020583,IN,PS10,RMCO,0,,,
WCC,IF,INUS,CONF,WWRM,CONF,225,CONF,225,#D,CI,CONF,CI,#D,,#D,,#D,,#D,,#D,10.046,#D,2837.31,OP14,5674.63,OP14,70,OP14,1/01/1985,HARM,,,WWP020584,IN,PS10,RMCO,0,,,
WCC,IF,INUS,CONF,WWRM,CONF,225,CONF,225,#D,CI,CONF,CI,#D,,#D,,#D,,#D,,#D,182.721,#D,51606.29,OP14,103212.59,OP14,70,OP14,1/01/1985,HARM,,,WWP020585,IN,PS10,RMCO,0,,,
WCC,IF,INUS,CONF,WWRM,CONF,300,CONF,300,#D,CI,CONF,CI,#D,,#D,,#D,,#D,,#D,33.676,#D,5903.07,OP14,22956.38,OP14,70,OP14,1/01/1962,CONF,,,WWP020592,IN,PS07,RMCO,0,,,
WCC,ASB,INUS,ASB,WWRM,ASB,275,WWST,275,#D,PE,WWST,PE,#D,,#D,,#D,,#D,,#D,919.594,#D,268252.41,OP14,536504.81,OP14,100,OP14,1/01/1955,HARM,,,WWP039445,IN,PS16,RMCO,0,,PS16,RMCO
WCC,IF,INUS,CONF,WWRM,CONF,667,CONF,667,#D,ST,MSIM,ST,#D,,#D,,#D,,#D,,#D,19.999,#D,16244.69,OP14,24991.83,OP14,60,OP14,1/01/1993,CONF,,,WWP020803,IN,PS38,RMCO,0,,,
WCC,IF,INUS,CONF,WWRM,CONF,667,CONF,667,#D,ST,MSIM,ST,#D,,#D,,#D,,#D,,#D,46.349,#D,37648.14,OP14,57920.21,OP14,60,OP14,1/01/1993,CONF,,,WWP020806,IN,PS38,RMCO,0,,,
WCC,IF,INUS,ASB,WWRM,ASB,300,ASB,300,#D,HDPE,ASB,HDPE,#D,,#D,,#D,,#D,,#D,5.451,#D,1857.93,OP14,3715.86,OP14,80,OP14,1/01/1975,HARM,,,WWP039959,,PS11,RMCO,0,,,
WCC,IF,INUS,CONF,WWRM,CSEA,110,,110,INM,HDPE,CONF,HDPE,#D,,#D,,#D,,#D,,#D,0.912,#D,289.83,OP14,386.44,OP14,80,OP14,5/05/1994,CONF,SDR17,,WWP020999,IN,PS32,RMCO,0,,,
WCC,IF,INUS,CONF,WWRM,CSEA,110,,110,INM,HDPE,CONF,HDPE,#D,,#D,,#D,,#D,,#D,0.912,#D,12.43,OP14,16.57,OP14,80,OP14,5/05/1994,CONF,SDR17,,WWP039854,CSEA,PS32,RMCO,0,,,
WCC,IF,INUS,CONF,WWRM,CONF,250,CONF,250,#D,HDPE,CONF,HDPE,#D,,#D,,#D,,#D,,#D,29.434,#D,12663.41,OP14,17773.2,OP14,80,OP14,1/01/1991,CONF,SDR11,,WWP030512,IN,PS46,RMCO,2,,,
WCC,IF,INUS,CONF,WWRM,CONF,152,CONF,152,#D,HDPE,CONF,HDPE,#D,,#D,,#D,,#D,,#D,48.996,#D,13808.18,OP14,22093.08,OP14,80,OP14,1/01/1984,CONF,,,WWP039991,CSEA,PS21,RMCO,0,,CM - Waterloo Quay,RMCO
WCC,IF,INUS,CONF,WWRM,CONF,152,CONF,152,#D,HDPE,CONF,HDPE,#D,,#D,,#D,,#D,,#D,116.968,#D,32964.22,OP14,52742.74,OP14,80,OP14,1/01/1984,CONF,,,WWP021525,IN,PS20 PS21,RMCO,0,,CM - Waterloo Quay,RMCO
WCC,IF,INUS,CONF,WWRM,CONF,200,CONF,200,#D,HDPE,CONF,HDPE,#D,,#D,,#D,,#D,,#D,17.006,#D,4471.46,OP14,8942.91,OP14,80,OP14,1/01/1975,HARM,,,WWP021574,IN,PS12,RMCO,0,,,
WCC,IF,INUS,CONF,WWRM,CONF,150,HARM,150,#D,EARE,HARM,EARE,#D,,#D,,#D,,#D,,#D,21.027,#D,4707.85,OP14,9415.7,OP14,100,OP14,1/01/1955,HARM,,,WWP036324,IN,PS11 PS12,RMCO,0,,,
WCC,IF,INUS,CONF,WWRM,CONF,300,HARM,300,#D,CI,HARM,CI,#D,,#D,,#D,,#D,,#D,25.741,#D,5763.29,OP14,11526.58,OP14,100,OP14,1/01/1955,HARM,,,WWP021575,IN,PS11 PS12,RMCO,0,,,
WCC,IF,INUS,CONF,WWRM,CONF,667,CONF,667,#D,ST,MSIM,ST,#D,,#D,,#D,,#D,,#D,72.74,#D,59084.89,OP14,90899.83,OP14,60,OP14,1/01/1993,CONF,,,WWP021693,IN,PS38,RMCO,0,,,
WCC,IF,INUS,CONF,WWRM,CONF,667,CONF,667,#D,ST,MSIM,ST,#D,,#D,,#D,,#D,,#D,19.998,#D,16243.88,OP14,24990.58,OP14,60,OP14,1/01/1993,CONF,,,WWP021694,IN,PS38,RMCO,0,,,
WCC,IF,INUS,CONF,WWRM,CONF,667,CONF,667,#D,ST,MSIM,ST,#D,,#D,,#D,,#D,,#D,39.997,#D,32488.57,OP14,49982.41,OP14,60,OP14,1/01/1993,CONF,,,WWP021703,IN,PS38,RMCO,0,,,
WCC,IF,INUS,CONF,WWRM,CONF,530,CONF,530,#D,CI,CONF,CI,#D,,#D,,#D,,#D,,#D,145.673,#D,9111.97,OP14,151258.77,OP14,83,OP14,1/01/1936,CONF,,,WWP021836,IN,PS05 PS06 PS07,RMCO,1,,,
WCC,IF,INUS,CONF,WWRM,CONF,300,#D,300,CONF,CI,#D,CI,CONF,,#D,,#D,,#D,,#D,2.008,#D,351.98,OP14,1368.82,OP14,70,OP14,1/01/1962,CONF,,,WWP021835,IN,PS07,RMCO,0,,,
WCC,IF,INUS,CONF,WWRM,CONF,380,CONF,380,#D,CI,CONF,CI,#D,,#D,,#D,,#D,,#D,4.31,#D,893.29,OP14,3473.91,OP14,70,OP14,1/01/1962,CONF,,,WWP021838,IN,PS05 PS06,RMCO,0,,CM - Wakefield St,RMCO
WCC,IF,INUS,CONF,WWRM,CONF,50,CONF,50,#D,HDPE,CONF,HDPE,#D,,#D,,#D,,#D,,#D,8.553,#D,1744.02,OP14,2491.46,OP14,80,OP14,1/01/1990,CONF,,,WWP036633,IN,PS81,RMCO,0,,,
WCC,IF,INUS,CONF,WWRM,CONF,50,CONF,50,#D,HDPE,CONF,HDPE,#D,,#D,,#D,,#D,,#D,19.414,#D,3958.67,OP14,5655.24,OP14,80,OP14,1/01/1990,CONF,,,WWP036632,IN,PS81,RMCO,0,,,
WCC,IF,INUS,CONF,WWRM,CONF,50,CONF,50,#D,HDPE,CONF,HDPE,#D,,#D,,#D,,#D,,#D,16.404,#D,3344.91,OP14,4778.44,OP14,80,OP14,1/01/1990,CONF,,,WWP021867,IN,PS81,RMCO,0,,,
WCC,IF,INUS,CONF,WWRM,CONF,50,CONF,50,#D,HDPE,CONF,HDPE,#D,,#D,,#D,,#D,,#D,18.993,#D,3872.82,OP14,5532.6,OP14,80,OP14,1/01/1990,CONF,,,WWP021868,IN,PS81,RMCO,0,,,
WCC,IF,INUS,CONF,WWRM,CONF,50,CONF,50,#D,HDPE,CONF,HDPE,#D,,#D,,#D,,#D,,#D,17.32,#D,3531.69,OP14,5045.26,OP14,80,OP14,1/01/1990,CONF,,,WWP021869,IN,PS81,RMCO,0,,,
WCC,IF,INUS,CONF,WWRM,CONF,52,CONF,52,#D,HDPE,CONF,HDPE,#D,,#D,,#D,,#D,,#D,388.692,#D,78679.64,OP14,114443.11,OP14,80,OP14,1/01/1989,CONF,,,WWP021910,IN,PS35,RMCO,0,,PS35,RMCO
WCC,IF,INUS,CONF,WWRM,CONF,200,CONF,200,#D,HDPE,CONF,HDPE,#D,,#D,,#D,,#D,,#D,13.999,#D,4785.06,OP14,7361.63,OP14,80,OP14,1/01/1986,JB,,,WWP022086,IN,PS27,RMCO,1,,,
WCC,IF,INUS,CONF,WWRM,CONF,315,CONF,315,#D,HDPE,CONF,HDPE,#D,,#D,,#D,,#D,,#D,65.715,#D,39380.67,OP14,46330.2,OP14,80,OP14,1/01/2002,JB,SDR17,,WWP022089,IN,PS26,RMCO,0,,,
WCC,IF,INUS,CONF,WWRM,CONF,350,CONF,350,#D,CI,CONF,CI,#D,,#D,,#D,,#D,,#D,23.142,#D,4519.17,OP14,17574.55,OP14,70,OP14,1/01/1962,CONF,,,WWP022287,IN,PS05,RMCO,0,,CM - Wakefield St,RMCO
WCC,IF,INUS,CONF,WWRM,CONF,350,CONF,350,#D,CI,CONF,CI,#D,,#D,,#D,,#D,,#D,34.219,#D,6682.29,OP14,25986.67,OP14,70,OP14,1/01/1962,CONF,,,WWP022288,IN,PS05,RMCO,1,,CM - Wakefield St,RMCO
WCC,IF,INUS,CONF,WWRM,CONF,426,ASB,426,#D,CI,CONF,CI,#D,,#D,,#D,,#D,,#D,60.757,#D,13707.32,OP14,53306.25,OP14,70,OP14,1/01/1962,JB,,,WWP023228,IN,PS05,RMCO,0,,CM - Wakefield St,RMCO
WCC,IF,INUS,CONF,WWRM,CONF,63,CONF,63,#D,UPVC,CONF,UPVC,#D,,#D,,#D,,#D,,#D,328.795,#D,90946.1,OP14,102474.48,OP14,80,OP14,1/01/2005,CONF,,,WWP022412,IN,PS67,RMCO,0,,,
WCC,IF,INUS,CONF,WWRM,CONF,300,CONF,300,#D,DICL,CONF,DICL,#D,,#D,,#D,,#D,,#D,9.468,#D,5716.56,OP14,6454.18,OP14,70,OP14,1/01/2006,CONF,,,WWP022531,IN,PS01,RMCO,0,,,
WCC,IF,INUS,CONF,WWRM,CONF,300,CONF,300,#D,DICL,CONF,DICL,#D,,#D,,#D,,#D,,#D,59.663,#D,36023.15,OP14,40671.3,OP14,70,OP14,1/01/2006,CONF,,,WWP022532,IN,PS01,RMCO,0,,,
WCC,IF,INUS,CONF,WWRM,CONF,375,CONF,375,#D,DICL,CONF,DICL,#D,,#D,,#D,,#D,,#D,25.255,#D,17855.8,OP14,20159.78,OP14,70,OP14,1/01/2006,CONF,,,WWP022533,IN,PS01 PS02,RMCO,0,,,
WCC,IF,INUS,CONF,WWRM,CONF,375,CONF,375,#D,DICL,CONF,DICL,#D,,#D,,#D,,#D,,#D,8.466,#D,5985.64,OP14,6757.98,OP14,70,OP14,1/01/2006,CONF,,,WWP022534,IN,PS01 PS02,RMCO,0,,,
WCC,IF,INUS,CONF,WWRM,CONF,350,ASB,350,#D,CI,CONF,CI,#D,,#D,,#D,,#D,,#D,108.144,#D,26984.57,OP14,82126.95,OP14,70,OP14,1/01/1967,CONF,,,WWP040039,MSIM,PS01 PS02,RMCO,0,,,
WCC,IF,INUS,CONF,WWRM,CONF,250,CONF,250,#D,DICL,CONF,DICL,#D,,#D,,#D,,#D,,#D,5.245,#D,2982.71,OP14,3367.57,OP14,70,OP14,1/01/2006,CONF,,,WWP022536,IN,PS02,RMCO,0,,,
WCC,IF,INUS,CONF,WWRM,CONF,50,CONF,50,#D,HDPE,CONF,HDPE,#D,,#D,,#D,,#D,,#D,34.655,#D,9337.78,OP14,10094.9,OP14,80,OP14,1/01/2008,CONF,,,WWP022734,IN,PS70,RMCO,0,,,
WCC,IF,INUS,CONF,WWRM,CONF,50,CONF,50,#D,HDPE,CONF,HDPE,#D,,#D,,#D,,#D,,#D,43.148,#D,11626.22,OP14,12568.89,OP14,80,OP14,1/01/2008,CONF,,,WWP022735,IN,PS70,RMCO,0,,,
WCC,IF,INUS,CONF,WWRM,CONF,50,CONF,50,#D,HDPE,CONF,HDPE,#D,,#D,,#D,,#D,,#D,60.295,#D,16246.47,OP14,17563.76,OP14,80,OP14,1/01/2008,CONF,,,WWP022736,IN,PS70,RMCO,0,,,
WCC,IF,INUS,CONF,WWRM,CONF,150,JB,150,#D,HDPE,CONF,HDPE,#D,,#D,,#D,,#D,,#D,129.849,#D,53784.29,OP14,58145.18,OP14,80,OP14,1/01/2008,CONF,,,WWP022737,IN,PS70,RMCO,0,,,
WCC,,INUS,,WWRM,,450,ASB,450,#D,CI,ASB,CI,#D,,#D,,#D,,#D,,#D,241.046,#D,201555.19,OP14,220450.99,OP14,70,OP14,31/12/2008 12:11:38 p.m.,,,,WWP039541,,PS01 PS02 PS03 PS04,RMCO,0,,,
WCC,IF,INUS,CONF,WWRM,CONF,300,ASB,300,#D,CI,ASB,CI,#D,,#D,,#D,,#D,,#D,60.938,#D,20770.22,OP14,41540.45,OP14,70,OP14,1/01/1985,HARM,,,WWP022826,IN,PS11 PS12,RMCO,0,,,
WCC,IF,INUS,CONF,WWRM,CONF,150,HARM,150,#D,STCL,HARM,STCL,#D,,#D,,#D,EPOX,HARM,,,28.146,#D,6301.76,OP14,12603.52,OP14,100,OP14,1/01/1955,HARM,,,WWP023061,IN,PS48,RMCO,0,,,
WCC,IF,INUS,CONF,WWRM,CONF,150,CONF,150,#D,STCL,CONF,STCL,#D,,#D,,#D,,#D,,#D,0.498,#D,204.42,OP14,223.,OP14,60,OP14,1/01/2009,CONF,,,WWP023062,IN,PS48,RMCO,0,,,
WCC,IF,INUS,CONF,WWRM,CONF,225,CONF,225,#D,PE,CONF,PE,#D,,#D,,#D,,#D,,#D,105.002,#D,55604.9,OP14,59311.89,OP14,80,OP14,1/01/2009,CONF,PN16 SDR11,,WWP023063,IN,PS48 PS49,RMCO,0,,,
WCC,IF,INUS,CONF,WWRM,CONF,225,CONF,225,#D,UPVC,CONF,UPVC,#D,,#D,,#D,,#D,,#D,2.173,#D,1150.73,OP14,1227.45,OP14,80,OP14,1/01/2009,CONF,,,WWP023065,IN,PS48 PS49,RMCO,0,,,
WCC,IF,INUS,CONF,WWRM,CONF,200,CONF,200,#D,STCL,CONF,STCL,#D,,#D,,#D,,#D,,#D,1.623,#D,782.36,OP14,853.48,OP14,60,OP14,1/01/2009,CONF,,,WWP023067,IN,PS49,RMCO,0,,,
WCC,IF,INUS,CONF,WWRM,CONF,200,CONF,200,#D,ST,MSIM,ST,#D,,#D,,#D,,#D,,#D,0.637,#D,307.06,OP14,334.98,OP14,60,OP14,1/01/2009,CONF,,,WWP023068,IN,PS49,RMCO,0,,,
WCC,IF,INUS,CONF,WWRM,CONF,63,CONF,63,#D,P80B,CONF,P80B,#D,,#D,,#D,,#D,,#D,67.651,#D,20293.9,OP14,21084.57,OP14,80,OP14,1/01/2011,CONF,SDR11,,WWP023092,IN,PSZealandia,RMCO,0,,,
WCC,IF,INUS,CONF,WWRM,CONF,375,CONF,375,#D,CI,CONF,CI,#D,,#D,,#D,,#D,,#D,8.505,#D,3394.55,OP14,6789.11,OP14,70,OP14,1/01/1985,HARM,,,WWP023115,IN,PS09 PS42,RMCO,0,,CM - Waring Talor St,RMCO
WCC,IF,INUS,ASB,WWRM,ASB,150,ASB,150,#D,HDPE,ASB,HDPE,#D,,#D,,#D,,#D,,#D,3.046,#D,681.99,OP14,1363.97,OP14,80,OP14,1/01/1975,HARM,,,WWP039960,,PS21,RMCO,0,,CM - Waterloo Quay,RMCO
WCC,IF,INUS,CONF,WWRM,CONF,168,CONF,168,#D,HDPE,CONF,HDPE,#D,,#D,,#D,,#D,,#D,130.338,#D,31014.68,OP14,62029.37,OP14,80,OP14,1/01/1975,HARM,,,WWP023143,IN,PS21,RMCO,1,,CM - Waterloo Quay,RMCO
WCC,IF,INUS,CONF,WWRM,CONF,160,CONF,160,#D,HDPE,CONF,HDPE,#D,,#D,,#D,,#D,,#D,17.89,#D,7150.56,OP14,8290.5,OP14,80,OP14,1/01/2003,CONF,SDR17,,WWP023211,IN,PS41,RMCO,0,,PS41,RMCO
WCC,IF,INUS,CONF,WWRM,CONF,250,HARM,250,#D,CI,CONF,CI,#D,,#D,,#D,,#D,,#D,2.528,#D,688.93,OP14,1377.85,OP14,70,OP14,1/01/1985,HARM,,,WWP022825,IN,PS03,RMCO,0,,,
WCC,IF,INUS,CONF,WWRM,CONF,450,CONF,450,#D,CI,CONF,CI,#D,,#D,,#D,,#D,,#D,1.94,#D,1622.17,OP14,1774.25,OP14,70,OP14,1/01/2008,CONF,,,WWP023224,IN,PS01 PS02 PS03 PS04,RMCO,0,,,
WCC,,INUS,,WWRM,,450,ASB,450,#D,CI,ASB,CI,#D,,#D,,#D,,#D,,#D,27.283,#D,6108.54,OP14,12217.08,OP14,100,OP14,1/01/1899,ASB,,,WWP039621,,PS01 PS02 PS03 PS04,RMCO,0,,,
WCC,IF,INUS,CONF,WWRM,CONF,380,CONF,380,#D,CI,CONF,CI,#D,,#D,,#D,,#D,,#D,5.762,#D,1194.23,OP14,4644.23,OP14,70,OP14,1/01/1962,CONF,,,WWP023225,IN,PS05 PS06,RMCO,0,,CM - Wakefield St,RMCO
WCC,IF,INUS,CONF,WWRM,CONF,380,CONF,380,#D,CI,CONF,CI,#D,,#D,,#D,,#D,,#D,0.83,#D,172.03,OP14,668.99,OP14,70,OP14,1/01/1962,CONF,,,WWP023226,IN,PS05 PS06,RMCO,0,,CM - Wakefield St,RMCO
WCC,IF,INUS,CONF,WWRM,CONF,530,CONF,530,#D,CI,CONF,CI,#D,,#D,,#D,,#D,,#D,17.716,#D,1108.15,OP14,18395.31,OP14,83,OP14,1/01/1936,CONF,,,WWP023227,IN,PS05 PS06 PS07,RMCO,0,,,
WCC,IF,INUS,CONF,WWRM,CONF,300,CONF,300,#D,CI,CONF,CI,#D,,#D,,#D,,#D,,#D,3.162,#D,554.27,OP14,2155.48,OP14,70,OP14,1/01/1962,CONF,,,WWP021837,IN,PS07,RMCO,0,,,
WCC,IF,INUS,CONF,WWRM,CONF,375,CONF,375,#D,ST,MSIM,ST,#D,,#D,,#D,,#D,,#D,0.655,#D,470.57,OP14,522.85,OP14,60,OP14,1/01/2008,CONF,,,WWP038048,IN,PS05,RMCO,0,,,
WCC,HARM,INUS,CONF,WWRM,CONF,350,CONF,350,#D,CI,CONF,CI,#D,,#D,,#D,,#D,,#D,9.43,#D,1841.49,OP14,7161.35,OP14,70,OP14,1/01/1962,CONF,,,WWP023230,IN,PS05,RMCO,0,,CM - Wakefield St,RMCO
WCC,HARM,INUS,CONF,WWRM,CONF,350,CONF,350,#D,CI,CONF,CI,#D,,#D,,#D,,#D,,#D,62.835,#D,12270.42,OP14,47718.29,OP14,70,OP14,1/01/1962,CONF,,,WWP023232,IN,PS05,RMCO,0,,CM - Wakefield St,RMCO
WCC,IF,INUS,ASB,WWRM,CONF,225,CONF,225,#D,CI,CONF,CI,#D,,#D,,#D,,#D,,#D,106.781,#D,4188.67,OP14,60316.79,OP14,72,OP14,1/01/1947,CONF,,,WWP023233,IN,PS08,RMCO,0,,PS08,RMCO
WCC,IF,INUS,CONF,WWRM,CONF,225,CONF,225,#D,ST,MSIM,ST,#D,,#D,,#D,,#D,,#D,0.972,#D,494.14,OP14,549.05,OP14,60,OP14,1/01/2008,CONF,,,WWP023234,IN,PS08,RMCO,0,,,
WCC,IF,INUS,CONF,WWRM,CONF,225,CONF,225,#D,CI,CONF,CI,#D,,#D,,#D,,#D,,#D,7.945,#D,570.47,OP14,8214.82,OP14,72,OP14,1/01/1947,JB,,,WWP040322,KOKE,PS08,RMCO,0,,PS08,RMCO
WCC,IF,INUS,CONF,WWRM,CONF,375,CONF,375,#D,ST,MSIM,ST,#D,,#D,,#D,,#D,,#D,8.466,#D,6082.18,OP14,6757.98,OP14,60,OP14,1/01/2008,CONF,,,WWP023236,IN,PS09,RMCO,0,,PS09,RMCO
WCC,IF,INUS,CONF,WWRM,CONF,375,CONF,375,#D,ST,MSIM,ST,#D,,#D,,#D,,#D,,#D,0.778,#D,558.93,OP14,621.04,OP14,60,OP14,1/01/2008,CONF,,,WWP023237,IN,PS09,RMCO,0,,PS09,RMCO
WCC,HARM,INUS,CONF,WWRM,CONF,225,HARM,225,#D,EARE,HARM,EARE,#D,,#D,,#D,,#D,,#D,118.396,#D,26508.32,OP14,53016.63,OP14,100,OP14,1/01/1955,HARM,,,WWP023238,IN,PS42,RMCO,0,,PS42,RMCO
WCC,HARM,INUS,CONF,WWRM,CONF,375,HARM,375,#D,CI,HARM,CI,#D,,#D,,#D,,#D,,#D,0.124,#D,27.76,OP14,55.53,OP14,100,OP14,1/01/1955,HARM,,,WWP023239,IN,PS42,RMCO,0,,,
WCC,IF,INUS,CONF,WWRM,CONF,350,CONF,350,#D,CI,CONF,CI,#D,,#D,,#D,,#D,,#D,94.353,#D,35826.88,OP14,71653.76,OP14,70,OP14,1/01/1985,HARM,,,WWP023240,IN,PS09,RMCO,0,,PS09,RMCO
WCC,IF,INUS,CONF,WWRM,CONF,225,CONF,225,#D,CI,CONF,CI,#D,,#D,,#D,,#D,,#D,6.598,#D,570.47,OP14,8214.82,OP14,72,OP14,1/01/1947,JB,,,WWP023235,IN,PS08,RMCO,0,,PS08,RMCO
WCC,,INUS,,WWRM,,150,HARM,150,#D,EARE,HARM,EARE,#D,,#D,,#D,,#D,,#D,330.127,#D,73913.91,OP14,147827.82,OP14,100,OP14,1/01/1955,HARM,,,WWP039600,CALC,PS19,RMCO,0,,,
WCC,IF,INUS,CONF,WWRM,CONF,667,CONF,667,#D,ST,MSIM,ST,#D,,#D,,#D,,#D,,#D,72.218,#D,58660.88,OP14,90247.51,OP14,60,OP14,1/01/1993,CONF,,,WWP027396,IN,PS38,RMCO,0,,,
WCC,IF,INUS,CONF,WWRM,CONF,667,CONF,667,#D,ST,MSIM,ST,#D,,#D,,#D,,#D,,#D,69.993,#D,56853.57,OP14,87467.03,OP14,60,OP14,1/01/1993,CONF,,,WWP027397,IN,PS38,RMCO,0,,,
WCC,IF,INUS,CONF,WWRM,CONF,667,CONF,667,#D,ST,MSIM,ST,#D,,#D,,#D,,#D,,#D,88.622,#D,71985.45,OP14,110746.84,OP14,60,OP14,1/01/1993,CONF,,,WWP027398,IN,PS38,RMCO,0,,,
WCC,IF,INUS,CONF,WWRM,CONF,667,CONF,667,#D,ST,MSIM,ST,#D,,#D,,#D,,#D,,#D,69.994,#D,56854.38,OP14,87468.28,OP14,60,OP14,1/01/1993,CONF,,,WWP027482,IN,PS38,RMCO,0,,,
WCC,IF,INUS,CONF,WWRM,CONF,667,CONF,667,#D,ST,MSIM,ST,#D,,#D,,#D,,#D,,#D,11.48,#D,9324.92,OP14,14346.03,OP14,60,OP14,1/01/1993,CONF,,,WWP027490,IN,PS38,RMCO,0,,,
WCC,IF,INUS,CONF,WWRM,CONF,667,CONF,667,#D,ST,MSIM,ST,#D,,#D,,#D,,#D,,#D,5.912,#D,4802.17,OP14,7387.95,OP14,60,OP14,1/01/1993,CONF,,,WWP027491,IN,PS38,RMCO,0,,,
WCC,IF,INUS,CONF,WWRM,CONF,667,CONF,667,#D,ST,MSIM,ST,#D,,#D,,#D,,#D,,#D,31.835,#D,25858.78,OP14,39782.74,OP14,60,OP14,1/01/1993,CONF,,,WWP027492,IN,PS38,RMCO,0,,,
WCC,IF,INUS,CONF,WWRM,CONF,667,CONF,667,#D,ST,MSIM,ST,#D,,#D,,#D,,#D,,#D,26.415,#D,21456.25,OP14,33009.61,OP14,60,OP14,1/01/1993,CONF,,,WWP027493,IN,PS38,RMCO,0,,,
WCC,IF,INUS,CONF,WWRM,CONF,667,CONF,667,#D,ST,MSIM,ST,#D,,#D,,#D,,#D,,#D,60.456,#D,49106.9,OP14,75549.08,OP14,60,OP14,1/01/1993,CONF,,,WWP027494,IN,PS38,RMCO,0,,,
WCC,IF,INUS,CONF,WWRM,CONF,667,CONF,667,#D,ST,MSIM,ST,#D,,#D,,#D,,#D,,#D,10.193,#D,8279.52,OP14,12737.72,OP14,60,OP14,1/01/1993,CONF,,,WWP027495,IN,PS38,RMCO,2,,,
WCC,IF,INUS,CONF,WWRM,CONF,667,CONF,667,#D,ST,MSIM,ST,#D,,#D,,#D,,#D,,#D,57.812,#D,46959.25,OP14,72245.,OP14,60,OP14,1/01/1993,CONF,,,WWP027496,IN,PS38,RMCO,0,,,
WCC,IF,INUS,CONF,WWRM,CONF,667,CONF,667,#D,ST,MSIM,ST,#D,,#D,,#D,,#D,,#D,79.993,#D,64976.32,OP14,99963.57,OP14,60,OP14,1/01/1993,CONF,,,WWP027506,IN,PS38,RMCO,0,,,
WCC,IF,INUS,CONF,WWRM,CONF,667,CONF,667,#D,ST,MSIM,ST,#D,,#D,,#D,,#D,,#D,55.995,#D,45483.35,OP14,69974.38,OP14,60,OP14,1/01/1993,CONF,,,WWP027507,IN,PS38,RMCO,0,,,
WCC,IF,INUS,CONF,WWRM,CONF,667,CONF,667,#D,ST,MSIM,ST,#D,,#D,,#D,,#D,,#D,32.82,#D,26658.87,OP14,41013.65,OP14,60,OP14,1/01/1993,CONF,,,WWP027524,IN,PS38,RMCO,0,,,
WCC,IF,INUS,CONF,WWRM,CONF,667,CONF,667,#D,ST,MSIM,ST,#D,,#D,,#D,,#D,,#D,9.963,#D,8092.7,OP14,12450.3,OP14,60,OP14,1/01/1993,CONF,,,WWP027525,IN,PS38,RMCO,0,,,
WCC,IF,INUS,CONF,WWRM,CONF,667,CONF,667,#D,ST,MSIM,ST,#D,,#D,,#D,,#D,,#D,139.989,#D,113709.58,OP14,174937.82,OP14,60,OP14,1/01/1993,CONF,,,WWP027526,IN,PS38,RMCO,0,,,
WCC,IF,INUS,CONF,WWRM,CONF,667,CONF,667,#D,ST,MSIM,ST,#D,,#D,,#D,,#D,,#D,62.245,#D,50560.06,OP14,77784.71,OP14,60,OP14,1/01/1993,CONF,,,WWP027538,IN,PS38,RMCO,0,,,
WCC,IF,INUS,CONF,WWRM,CONF,667,CONF,667,#D,ST,MSIM,ST,#D,,#D,,#D,,#D,,#D,47.818,#D,38841.37,OP14,59755.96,OP14,60,OP14,1/01/1993,CONF,,,WWP027542,IN,PS38,RMCO,1,,,
WCC,IF,INUS,CONF,WWRM,CONF,667,CONF,667,#D,ST,MSIM,ST,#D,,#D,,#D,,#D,,#D,19.999,#D,16244.69,OP14,24991.83,OP14,60,OP14,1/01/1993,CONF,,,WWP027543,IN,PS38,RMCO,0,,,
WCC,IF,INUS,CONF,WWRM,CONF,150,ASB,150,#D,AC,CONF,AC,#D,,#D,,#D,,#D,,#D,72.875,#D,18181.1,OP14,32632.75,OP14,70,OP14,1/01/1983,CONF,D,CONF,WWP012618,IN,PS37,RMCO,0,,PS37,RMCO
WCC,HARM,INUS,CONF,WWRM,CONF,160,KOKE,150,CONF,HPPE,KOKE,HPPE,#D,,#D,,#D,,#D,,#D,43.403,#D,9717.73,OP14,19435.46,OP14,100,OP14,1/01/1955,HARM,,,WWP034602,IN,PS36,RMCO,0,,,
WCC,IF,INUS,CONF,WWRM,CONF,400,ASB,400,#D,CI,CONF,CI,#D,,#D,,#D,,#D,,#D,38.315,#D,16035.74,OP14,32071.47,OP14,70,OP14,1/01/1985,HARM,,,WWP030494,IN,PS01 PS02 PS04,RMCO,0,,,
WCC,HARM,INUS,CONF,WWRM,CONF,375,CONF,375,#D,RCON,CONF,RCON,#D,,#D,,#D,,#D,,#D,133.199,#D,65124.65,OP14,106325.96,OP14,80,OP14,1/01/1983,CONF,,,WWP030495,IN,PS23 PS24,RMCO,0,,,
WCC,HARM,INUS,CONF,WWRM,CONF,400,CONF,400,#D,HDPE,CONF,HDPE,#D,,#D,,#D,,#D,,#D,91.899,#D,60577.51,OP14,76923.83,OP14,80,OP14,1/01/1997,CONF,SDR22,CONF,WWP030497,IN,PS23 PS24,RMCO,0,,,
WCC,IF,INUS,CONF,WWRM,CONF,375,CONF,375,#D,RCON,CONF,RCON,#D,,#D,,#D,,#D,,#D,27.722,#D,11064.53,OP14,22129.06,OP14,80,OP14,1/01/1975,HARM,,,WWP030499,IN,PS23 PS24,RMCO,0,,,
WCC,IF,INUS,CONF,WWRM,CONF,375,CONF,375,#D,RCON,CONF,RCON,#D,,#D,,#D,,#D,,#D,14.934,#D,5960.52,OP14,11921.05,OP14,80,OP14,1/01/1975,HARM,,,WWP030500,IN,PS23 PS24,RMCO,0,,,
WCC,IF,INUS,CONF,WWRM,CONF,375,CONF,375,#D,RCON,CONF,RCON,#D,,#D,,#D,,#D,,#D,10.098,#D,4030.36,OP14,8060.72,OP14,80,OP14,1/01/1975,HARM,,,WWP030498,IN,PS23 PS24,RMCO,0,,,
WCC,IF,INUS,CONF,WWRM,CONF,200,CONF,200,#D,HDPE,CONF,HDPE,#D,,#D,,#D,,#D,,#D,36.004,#D,9466.68,OP14,18933.36,OP14,80,OP14,1/01/1975,HARM,,,WWP030501,IN,PS27,RMCO,1,,,
WCC,IF,INUS,CONF,WWRM,CONF,200,CONF,200,#D,HDPE,CONF,HDPE,#D,,#D,,#D,,#D,,#D,96.292,#D,32281.02,OP14,50636.89,OP14,80,OP14,1/01/1985,CONF,,,WWP030502,IN,PS27,RMCO,1,,,
WCC,IF,INUS,CONF,WWRM,CONF,200,CONF,200,#D,HDPE,CONF,HDPE,#D,,#D,,#D,,#D,,#D,79.655,#D,26703.61,OP14,41888.02,OP14,80,OP14,1/01/1985,CONF,,,WWP030503,IN,PS27,RMCO,1,,,
WCC,IF,INUS,CONF,WWRM,CONF,200,CONF,200,#D,HDPE,CONF,HDPE,#D,,#D,,#D,,#D,,#D,56.504,#D,14856.83,OP14,29713.65,OP14,80,OP14,1/01/1975,HARM,,,WWP030504,IN,PS27,RMCO,1,,,
WCC,IF,INUS,CONF,WWRM,CONF,200,CONF,200,#D,HDPE,CONF,HDPE,#D,,#D,,#D,,#D,,#D,90.996,#D,23925.95,OP14,47851.89,OP14,80,OP14,1/01/1975,HARM,,,WWP030505,IN,PS27,RMCO,0,,,
WCC,IF,INUS,CONF,WWRM,CONF,200,CONF,200,#D,HDPE,CONF,HDPE,#D,,#D,,#D,,#D,,#D,63.011,#D,21123.87,OP14,33135.47,OP14,80,OP14,1/01/1985,CONF,,,WWP030506,IN,PS27,RMCO,1,,,
WCC,IF,INUS,CONF,WWRM,CONF,200,CONF,200,#D,HDPE,CONF,HDPE,#D,,#D,,#D,,#D,,#D,47.496,#D,15922.6,OP14,24976.63,OP14,80,OP14,1/01/1985,CONF,,,WWP030507,IN,PS27,RMCO,0,,,
WCC,IF,INUS,CONF,WWRM,CONF,200,CONF,200,#D,HDPE,CONF,HDPE,#D,,#D,,#D,,#D,,#D,19.013,#D,3874.35,OP14,9998.33,OP14,80,OP14,1/01/1965,JB,,,WWP030508,IN,PS27,RMCO,0,,,
WCC,IF,INUS,CONF,WWRM,CONF,300,CONF,300,#D,CI,CONF,CI,#D,,#D,,#D,,#D,,#D,3.776,#D,661.9,OP14,2574.04,OP14,70,OP14,1/01/1962,CONF,,,WWP030509,IN,PS07,RMCO,1,,,
WCC,IF,INUS,CONF,WWRM,CONF,300,CONF,300,#D,CI,CONF,CI,#D,,#D,,#D,,#D,,#D,39.371,#D,6901.35,OP14,26838.57,OP14,70,OP14,1/01/1962,CONF,,,WWP030510,IN,PS07,RMCO,0,,,
WCC,IF,INUS,CONF,WWRM,CONF,400,CONF,400,#D,CI,CONF,CI,#D,,#D,,#D,,#D,,#D,456.825,#D,125640.53,OP14,382384.22,OP14,70,OP14,1/01/1967,CONF,,,WWP030511,IN,PS01 PS02 PS04,RMCO,1,,,
WCC,IF,INUS,CONF,WWRM,CONF,200,CONF,200,#D,AC,CONF,AC,#D,,#D,,#D,,#D,,#D,218.999,#D,56002.98,OP14,115300.26,OP14,70,OP14,1/01/1978,CONF,,,WWP030513,IN,PS46,RMCO,2,,,
WCC,IF,INUS,CONF,WWRM,CONF,200,KOKE,200,#D,AC,KOKE,AC,#D,,#D,,#D,,#D,,#D,243.59,#D,54605.62,OP14,109211.24,OP14,100,OP14,1/01/1955,HARM,,,WWP030514,IN,PS46,RMCO,0,,,
WCC,IF,INUS,CONF,WWRM,CONF,200,CONF,200,#D,HDPE,CONF,HDPE,#D,,#D,,#D,,#D,,#D,6.149,#D,4028.41,OP14,8056.83,OP14,80,OP14,1/01/1975,HARM,,,WWP030606,IN,PS27,RMCO,0,,,
WCC,IF,INUS,CONF,WWRM,CONF,400,CONF,400,#D,HDPE,CONF,HDPE,#D,,#D,,#D,,#D,,#D,188.43,#D,124208.33,OP14,157724.86,OP14,80,OP14,1/01/1997,CONF,SDR22,CONF,WWP038697,IN,PS23 PS24,RMCO,0,,,
WCC,IF,INUS,CONF,WWRM,CONF,375,CONF,375,#D,RCON,CONF,RCON,#D,,#D,,#D,,#D,,#D,45.582,#D,22286.29,OP14,36385.78,OP14,80,OP14,1/01/1983,CONF,,,WWP031067,IN,PS23 PS24,RMCO,0,,,
WCC,IF,INUS,CONF,WWRM,CONF,375,CONF,375,#D,RCON,CONF,RCON,#D,,#D,,#D,,#D,,#D,62.475,#D,24935.3,OP14,49870.6,OP14,80,OP14,1/01/1975,HARM,,,WWP031076,IN,PS23 PS24,RMCO,2,,,
WCC,IF,INUS,CONF,WWRM,CONF,50,KOKE,50,#D,UPVC,KOKE,UPVC,#D,,#D,,#D,,#D,,#D,1.198,#D,773.6,OP14,1105.15,OP14,80,OP14,1/01/1990,CONF,SDR17,,WWP031899,IN,PS74,RMCO,0,,,
WCC,IF,INUS,CONF,WWRM,CONF,150,CONF,150,#D,HDPE,CONF,HDPE,#D,,#D,,#D,,#D,,#D,154.836,#D,48533.89,OP14,69334.13,OP14,80,OP14,1/01/1990,CONF,SDR17,,WWP031900,IN,PS33 PS74,RMCO,1,,,
WCC,IF,INUS,CONF,WWRM,CONF,100,KOKE,100,#D,HDPE,CONF,HDPE,#D,,#D,,#D,,#D,,#D,5.308,#D,1809.88,OP14,2585.54,OP14,80,OP14,1/01/1990,CONF,SDR17,,WWP031901,IN,PS74,RMCO,0,,,
WCC,IF,INUS,CONF,WWRM,CONF,150,CONF,150,#D,HDPE,CONF,HDPE,#D,,#D,,#D,,#D,,#D,220.345,#D,69067.92,OP14,98668.45,OP14,80,OP14,1/01/1990,CONF,SDR17,,WWP031902,IN,PS33,RMCO,0,,,
WCC,IF,INUS,CONF,WWRM,CONF,150,CONF,150,#D,HDPE,CONF,HDPE,#D,,#D,,#D,,#D,,#D,2.978,#D,933.46,OP14,1333.52,OP14,80,OP14,1/01/1990,CONF,SDR17,,WWP031903,IN,PS33,RMCO,0,,,
WCC,IF,INUS,CONF,WWRM,CONF,667,CONF,667,#D,ST,MSIM,ST,#D,,#D,,#D,,#D,,#D,92.256,#D,74937.25,OP14,115288.08,OP14,60,OP14,1/01/1993,CONF,,,WWP031976,IN,PS38,RMCO,0,,,
WCC,IF,INUS,CONF,WWRM,CONF,667,CONF,667,#D,ST,MSIM,ST,#D,,#D,,#D,,#D,,#D,48.894,#D,39715.38,OP14,61100.58,OP14,60,OP14,1/01/1993,CONF,,,WWP031977,IN,PS38,RMCO,0,,,
WCC,IF,INUS,CONF,WWRM,CONF,667,CONF,667,#D,CONC,CONF,CONC,#D,,#D,,#D,,#D,,#D,49.996,#D,51118.12,OP14,62477.7,OP14,110,OP14,1/01/1994,CONF,,,WWP031978,IN,PS38,RMCO,0,,,
WCC,IF,INUS,CONF,WWRM,CONF,667,CONF,667,#D,ST,MSIM,ST,#D,,#D,,#D,,#D,,#D,110.291,#D,89586.64,OP14,137825.59,OP14,60,OP14,1/01/1993,CONF,,,WWP032114,IN,PS38,RMCO,0,,,
WCC,IF,INUS,CONF,WWRM,CONF,168,CONF,168,#D,HDPE,CONF,HDPE,#D,,#D,,#D,,#D,,#D,526.173,#D,125205.92,OP14,250411.84,OP14,80,OP14,1/01/1975,HARM,,,WWP033637,IN,PS21,RMCO,0,,CM - Waterloo Quay,RMCO
WCC,IF,INUS,CONF,WWRM,CONF,168,CONF,168,#D,HDPE,CONF,HDPE,#D,,#D,,#D,,#D,,#D,21.899,#D,5210.99,OP14,10421.99,OP14,80,OP14,1/01/1975,HARM,,,WWP033638,IN,PS21,RMCO,0,,CM - Waterloo Quay,RMCO
WCC,ASB,INUS,,WWRM,,175,ASB,175,#D,CI,ASB,CI,#D,,#D,,#D,,#D,,#D,258.184,#D,62847.61,OP14,125695.22,OP14,70,OP14,1/01/1985,HARM,,,WWP039441,IN,PS15,RMCO,0,,PS15,RMCO
WCC,IF,INUS,CSEA,WWRM,,315,HARM,315,#D,HDPE,HARM,HDPE,#D,,#D,,#D,,#D,,#D,7.477,#D,1674.07,OP14,3348.13,OP14,100,OP14,1/01/1955,HARM,,,WWP039859,,PS18,RMCO,0,,PS18,RMCO
WCC,IF,INUS,CONF,WWRM,CONF,150,CONF,150,#D,AC,HARM,AC,#D,,#D,,#D,,#D,,#D,45.26,#D,851.56,OP14,20267.01,OP14,119,OP14,2/01/1900,CONF,,,WWP038020,IN,PS19,RMCO,0,,,
WCC,IF,INUS,CONF,WWRM,CONF,667,CONF,667,#D,ST,MSIM,ST,#D,,#D,,#D,,#D,,#D,10.,#D,8122.75,OP14,12496.54,OP14,60,OP14,1/01/1993,CONF,,,WWP033727,IN,PS38,RMCO,1,,,
WCC,IF,INUS,CONF,WWRM,CONF,667,CONF,667,#D,ST,MSIM,ST,#D,,#D,,#D,,#D,,#D,8.818,#D,7162.64,OP14,11019.45,OP14,60,OP14,1/01/1993,CONF,,,WWP033728,IN,PS38,RMCO,0,,,
WCC,IF,INUS,CONF,WWRM,CONF,667,CONF,667,#D,ST,MSIM,ST,#D,,#D,,#D,,#D,,#D,9.952,#D,8083.76,OP14,12436.56,OP14,60,OP14,1/01/1993,CONF,,,WWP033729,IN,PS38,RMCO,0,,,
WCC,,INUS,,WWRM,,667,HARM,667,#D,RCON,HARM,RCON,#D,,#D,,#D,,#D,,#D,6.17,#D,1381.43,OP14,2762.87,OP14,100,OP14,1/01/1955,HARM,,,WWP039502,,PS38,RMCO,0,,,
WCC,IF,INUS,CONF,WWRM,CONF,50,CONF,50,#D,HDPE,CONF,HDPE,#D,,#D,,#D,,#D,,#D,30.237,#D,6165.56,OP14,8807.95,OP14,80,OP14,1/01/1990,CONF,,,WWP033741,IN,PS56,RMCO,0,,,
WCC,,INUS,,WWRM,,150,HARM,150,#D,CONC,HARM,CONC,#D,,#D,,#D,,#D,,#D,1061.498,#D,173687.96,OP14,347375.91,OP14,100,OP14,1/01/1955,HARM,,,WWP040012,,PS14,RMCO,0,,,
WCC,IF,INUS,CONF,WWRM,CSEA,225,HARM,225,#D,RCON,HARM,RCON,#D,,#D,,#D,,#D,,#D,10.29,#D,2303.88,OP14,4607.77,OP14,100,OP14,1/01/1955,HARM,,,WWP033762,IN,PS63,RMCO,0,,,
WCC,IF,INUS,CONF,WWRM,CSEA,150,HARM,150,#D,RCON,HARM,RCON,#D,,#D,,#D,,#D,,#D,7.208,#D,1613.84,OP14,3227.68,OP14,100,OP14,1/01/1955,HARM,,,WWP033763,IN,PS63,RMCO,0,,,
WCC,IF,INUS,CONF,WWRM,CSEA,225,HARM,225,#D,RCON,HARM,RCON,#D,,#D,,#D,,#D,,#D,3.264,#D,730.79,OP14,1461.59,OP14,100,OP14,1/01/1955,HARM,,,WWP033761,IN,PS63,RMCO,0,,,
WCC,IF,INUS,CONF,WWRM,CONF,150,HARM,150,#D,UPVC,CONF,UPVC,#D,,#D,,#D,,#D,,#D,53.238,#D,13707.7,OP14,23839.48,OP14,80,OP14,1/01/1980,CONF,UNK,CONF,WWP033764,IN,PS65,RMCO,0,,,
WCC,IF,INUS,CONF,WWRM,CONF,450,ASB,450,#D,CI,CONF,CI,#D,,#D,,#D,,#D,,#D,36.164,#D,2296.82,OP14,33074.14,OP14,72,OP14,1/01/1947,CONF,,,WWP033814,IN,PS08 PS09 PS42,RMCO,0,,CM - Waring Talor St,RMCO
WCC,IF,INUS,CONF,WWRM,CONF,300,CONF,300,#D,CI,CONF,CI,#D,,#D,,#D,,#D,,#D,1.514,#D,339.11,OP14,1032.07,OP14,70,OP14,1/01/1967,CONF,,,WWP033875,IN,PS01,RMCO,0,,,
WCC,IF,INUS,CONF,WWRM,CONF,300,CONF,300,#D,CI,CONF,CI,#D,,#D,,#D,,#D,,#D,126.749,#D,43201.37,OP14,86402.74,OP14,70,OP14,1/01/1985,HARM,,,WWP033893,IN,PS01,RMCO,2,,,
WCC,IF,INUS,CONF,WWRM,CSEA,32,CSEA,32,#D,STS,CSEA,STS,#D,,#D,,#D,,#D,,#D,5.71,#D,751.09,OP14,1502.19,OP14,70,OP14,1/01/1985,HARM,,,WWP033896,IN,PS50,RMCO,0,,,
WCC,,INUS,,WWRM,,160,,160,#D,HPPE,CONF,HPPE,#D,,#D,,#D,,#D,,#D,130.788,#D,,,,,,,,,,#D,WWP041701,,PS36,RMCO,0,,,
WCC,IF,INUS,CONF,WWRM,CONF,150,CONF,150,#D,RCON,HARM,RCON,#D,,#D,,#D,,#D,,#D,9.816,#D,2197.76,OP14,4395.51,OP14,100,OP14,1/01/1955,HARM,,,WWP034142,IN,PS64,RMCO,0,,,
WCC,IF,INUS,CONF,WWRM,CONF,667,CONF,667,#D,ST,MSIM,ST,#D,,#D,,#D,,#D,,#D,97.726,#D,79380.4,OP14,122123.69,OP14,60,OP14,1/01/1993,CONF,,,WWP034342,IN,PS38,RMCO,1,,,
WCC,IF,INUS,CONF,WWRM,CONF,300,ASB,300,#D,CI,ASB,CI,#D,,#D,,#D,,#D,,#D,99.629,#D,33968.99,OP14,67937.97,OP14,70,OP14,1/01/1985,HARM,,,WWP034360,IN,PS01,RMCO,0,,,
WCC,INM,INUS,CONF,WWRM,CONF,315,ASB,315,INM,HDPE,ASB,HDPE,INM,,#D,,#D,,#D,,#D,167.556,#D,95788.97,OP14,123598.68,OP14,80,OP14,1/01/1996,JB,,,WWP034537,IN,PS25 PS26,RMCO,1,,CM - Broadway,RMCO
WCC,IF,INUS,CONF,WWRM,CONF,350,CONF,350,#D,HDPE,CONF,HDPE,#D,,#D,,#D,,#D,,#D,7.741,#D,5437.79,OP14,5878.69,OP14,80,OP14,1/01/2008,JB,SDR17,,WWP034539,IN,PS25,RMCO,0,,,
WCC,IF,INUS,CONF,WWRM,CONF,315,CONF,315,#D,HDPE,CONF,HDPE,#D,,#D,,#D,,#D,,#D,53.971,#D,35196.7,OP14,38050.48,OP14,80,OP14,1/01/2008,JB,SDR17,,WWP035222,IN,PS26,RMCO,0,,,
WCC,IF,INUS,CONF,WWRM,CONF,250,CONF,250,#D,CI,CONF,CI,#D,,#D,,#D,,#D,,#D,2.74,#D,425.44,OP14,1654.5,OP14,70,OP14,1/01/1962,CONF,,,WWP035317,IN,PS07,RMCO,0,,,
WCC,IF,INUS,CONF,WWRM,CONF,300,CONF,300,#D,CI,CONF,CI,#D,,#D,,#D,,#D,,#D,98.449,#D,17257.14,OP14,67111.09,OP14,70,OP14,1/01/1962,CONF,,,WWP035318,IN,PS07,RMCO,0,,,
WCC,IF,INUS,CSEA,WWRM,CSEA,250,,250,#D,CI,,CI,#D,,#D,,#D,,#D,,#D,6.023,#D,1818.44,OP14,3636.88,OP14,70,OP14,1/01/1985,HARM,,,WWP039845,,PS07,RMCO,0,,,
WCC,IF,INUS,CONF,WWRM,CONF,667,CONF,667,#D,ST,MSIM,ST,#D,,#D,,#D,,#D,,#D,39.997,#D,32488.57,OP14,49982.41,OP14,60,OP14,1/01/1993,CONF,,,WWP035427,IN,PS38,RMCO,0,,,
WCC,INM,INUS,CONF,WWRM,CONF,100,CONF,100,INM,CI,CONF,CI,INM,,#D,,#D,,#D,,#D,232.571,#D,42980.09,OP14,85960.18,OP14,70,OP14,1/01/1985,HARM,,,WWP035489,IN,PS29,RMCO,0,,PS29,RMCO
WCC,IF,INUS,CONF,WWRM,CONF,250,CONF,250,#D,CI,CONF,CI,#D,,#D,,#D,,#D,,#D,3.155,#D,489.88,OP14,1905.09,OP14,70,OP14,1/01/1962,CONF,,,WWP035545,IN,PS05,RMCO,0,,CM - Wakefield St,RMCO
WCC,IF,INUS,CONF,WWRM,CONF,380,CONF,380,#D,CI,CONF,CI,#D,,#D,,#D,,#D,,#D,114.99,#D,23832.82,OP14,92683.2,OP14,70,OP14,1/01/1962,CONF,,,WWP035547,IN,PS05 PS06,RMCO,1,,CM - Wakefield St,RMCO
WCC,INM,INUS,CONF,WWRM,CONF,160,CONF,160,INM,HDPE,CONF,HDPE,INM,,#D,,#D,,#D,,#D,34.674,#D,13458.11,OP14,16069.39,OP14,80,OP14,1/01/2001,CONF,,,WWP035737,IN,PS40,RMCO,0,,,
WCC,IF,INUS,CONF,WWRM,CONF,315,CONF,315,#D,HDPE,CONF,HDPE,#D,,#D,,#D,,#D,,#D,93.036,#D,55753.18,OP14,65591.98,OP14,80,OP14,1/01/2002,JB,SDR17,,WWP036141,IN,PS26,RMCO,2,,,
WCC,IF,INUS,CONF,WWRM,CONF,315,CONF,315,#D,HDPE,CONF,HDPE,#D,,#D,,#D,,#D,,#D,5.914,#D,3544.05,OP14,4169.47,OP14,80,OP14,1/01/2002,JB,SDR17,,WWP036142,IN,PS26,RMCO,1,,,
WCC,IF,INUS,CONF,WWRM,CONF,150,CONF,150,#D,HDPE,HARM,HDPE,#D,,#D,,#D,,#D,,#D,6.763,#D,1514.2,OP14,3028.41,OP14,100,OP14,1/01/1955,HARM,,,WWP036263,IN,PS20,RMCO,0,,PS20,RMCO
WCC,IF,INUS,CONF,WWRM,CONF,150,CONF,150,#D,EARE,HARM,EARE,#D,,#D,,#D,,#D,,#D,8.223,#D,1841.09,OP14,3682.18,OP14,100,OP14,1/01/1955,HARM,,,WWP036265,IN,PS20,RMCO,0,,PS20,RMCO
WCC,IF,INUS,CONF,WWRM,CONF,400,CONF,400,#D,HDPE,CONF,HDPE,#D,,#D,,#D,,#D,,#D,50.084,#D,33014.12,OP14,41922.69,OP14,80,OP14,1/01/1997,CONF,SDR22,CONF,WWP036303,IN,PS23 PS24,RMCO,0,,,
WCC,IF,INUS,CONF,WWRM,ASB,300,ASB,300,#D,CI,ASB,CI,#D,,#D,,#D,,#D,,#D,27.597,#D,9406.21,OP14,18812.43,OP14,70,OP14,1/01/1985,HARM,,,WWP036988,IN,PS11 PS12,RMCO,0,,,
WCC,IF,INUS,CONF,WWRM,CONF,300,HARM,300,#D,CI,HARM,CI,#D,,#D,,#D,,#D,,#D,5.189,#D,1161.79,OP14,2323.59,OP14,100,OP14,1/01/1955,HARM,,,WWP036322,IN,PS11 PS12,RMCO,0,,,
WCC,IF,INUS,CONF,WWRM,CONF,300,HARM,300,#D,CI,HARM,CI,#D,,#D,,#D,,#D,,#D,57.384,#D,12848.01,OP14,25696.02,OP14,100,OP14,1/01/1955,HARM,,,WWP036323,IN,PS11 PS12,RMCO,0,,,
WCC,IF,INUS,CONF,WWRM,CONF,200,CONF,200,#D,AC,CONF,AC,#D,,#D,,#D,,#D,,#D,106.924,#D,17671.63,OP14,56227.92,OP14,70,OP14,1/01/1966,JB,D,CONF,WWP036628,IN,PS27,RMCO,0,,,
WCC,IF,INUS,CONF,WWRM,CONF,200,CONF,200,#D,AC,CONF,AC,#D,,#D,,#D,,#D,,#D,5.669,#D,936.93,OP14,2981.15,OP14,70,OP14,1/01/1966,JB,D,CONF,WWP036629,IN,PS27,RMCO,0,,,
WCC,IF,INUS,CONF,WWRM,CONF,50,CONF,50,#D,HDPE,CONF,HDPE,#D,,#D,,#D,,#D,,#D,18.98,#D,3870.17,OP14,5528.82,OP14,80,OP14,1/01/1990,CONF,,,WWP021866,IN,PS81,RMCO,0,,,
WCC,IF,INUS,CONF,WWRM,CONF,50,CONF,50,#D,HDPE,CONF,HDPE,#D,,#D,,#D,,#D,,#D,17.474,#D,3563.09,OP14,5090.12,OP14,80,OP14,1/01/1990,CONF,,,WWP036634,IN,PS81,RMCO,0,,,
WCC,IF,INUS,CONF,WWRM,CONF,50,CONF,50,#D,HDPE,CONF,HDPE,#D,,#D,,#D,,#D,,#D,13.911,#D,2836.56,OP14,4052.23,OP14,80,OP14,1/01/1990,CONF,,,WWP036635,IN,PS81,RMCO,0,,,
WCC,IF,INUS,CONF,WWRM,CONF,50,CONF,50,#D,HDPE,CONF,HDPE,#D,,#D,,#D,,#D,,#D,17.522,#D,3572.87,OP14,5104.11,OP14,80,OP14,1/01/1990,CONF,,,WWP036636,IN,PS81,RMCO,0,,,
WCC,IF,INUS,CONF,WWRM,CONF,225,CONF,225,#D,CI,CONF,CI,#D,,#D,,#D,,#D,,#D,37.86,#D,10692.88,OP14,21385.77,OP14,70,OP14,1/01/1985,HARM,,,WWP036746,IN,PS10,RMCO,0,,,
WCC,IF,INUS,CONF,WWRM,CONF,200,CONF,200,#D,AC,CONF,AC,#D,,#D,,#D,,#D,,#D,464.525,#D,141753.81,OP14,242018.7,OP14,70,OP14,1/01/1985,JB,,,WWP008220,IN,PS47,RMCO,0,,,
WCC,IF,INUS,CONF,WWRM,CONF,160,CONF,160,#D,HDPE,CONF,HDPE,#D,,#D,,#D,,#D,,#D,60.122,#D,24030.5,OP14,27861.45,OP14,80,OP14,1/01/2003,CONF,SDR17,,WWP036831,IN,PS41,RMCO,0,,PS41,RMCO
WCC,IF,INUS,CONF,WWRM,CONF,160,ASB,160,#D,HDPE,CONF,HDPE,#D,,#D,,#D,,#D,,#D,60.974,#D,24371.04,OP14,28256.28,OP14,80,OP14,1/01/2003,CONF,SDR17,,WWP036840,IN,PS41,RMCO,0,,PS41,RMCO
WCC,IF,INUS,CONF,WWRM,CONF,160,CONF,160,#D,HDPE,CONF,HDPE,#D,,#D,,#D,,#D,,#D,6.354,#D,2539.67,OP14,2944.54,OP14,80,OP14,1/01/2003,CONF,SDR17,,WWP036843,IN,PS41,RMCO,0,,PS41,RMCO
WCC,IF,INUS,CONF,WWRM,CONF,315,CONF,315,#D,HDPE,CONF,HDPE,#D,,#D,,#D,,#D,,#D,42.38,#D,25396.83,OP14,29878.63,OP14,80,OP14,1/01/2002,JB,SDR17,,WWP036883,IN,PS26,RMCO,0,,,
WCC,IF,INUS,CONF,WWRM,CONF,315,CONF,315,#D,HDPE,CONF,HDPE,#D,,#D,,#D,,#D,,#D,4.407,#D,2640.96,OP14,3107.01,OP14,80,OP14,1/01/2002,JB,SDR17,,WWP036884,IN,PS26,RMCO,0,,,
WCC,IF,INUS,CONF,WWRM,CONF,225,CONF,225,#D,CI,CONF,CI,#D,,#D,,#D,,#D,,#D,7.283,#D,8423.24,OP14,149933.65,OP14,89,OP14,1/01/1930,CONF,,,WWP041514,KOKE,PS30,RMCO,0,,,
WCC,IF,INUS,CONF,WWRM,CONF,667,CONF,667,#D,ST,MSIM,ST,#D,,#D,,#D,,#D,,#D,29.982,#D,24353.63,OP14,37467.13,OP14,60,OP14,1/01/1993,CONF,,,WWP036981,IN,PS38,RMCO,0,,,
WCC,IF,INUS,CONF,WWRM,CONF,667,CONF,667,#D,ST,MSIM,ST,#D,,#D,,#D,,#D,,#D,29.961,#D,24336.57,OP14,37440.88,OP14,60,OP14,1/01/1993,CONF,,,WWP036982,IN,PS38,RMCO,0,,,
WCC,IF,INUS,CONF,WWRM,CONF,150,CONF,150,#D,DI,CONF,DI,#D,,#D,,#D,,#D,,#D,29.621,#D,11369.15,OP14,13264.01,OP14,70,OP14,1/08/2004,CONF,,,WWP037086,IN,PS28,RMCO,0,,PS28,RMCO
WCC,IF,INUS,CONF,WWRM,CONF,160,CONF,160,#D,HDPE,CONF,HDPE,#D,,#D,,#D,,#D,,#D,1.844,#D,769.08,OP14,854.54,OP14,80,OP14,1/01/2006,CONF,SDR17,,WWP037350,IN,PS40,RMCO,0,,,
WCC,IF,INUS,CONF,WWRM,CONF,315,CONF,315,#D,HDPE,CONF,HDPE,#D,,#D,,#D,,#D,,#D,103.85,#D,67724.83,OP14,73216.03,OP14,80,OP14,1/01/2008,CONF,SDR26,,WWP037621,IN,PS18,RMCO,0,,PS18,RMCO
WCC,IF,INUS,CONF,WWRM,CONF,300,CONF,300,#D,AC,CONF,AC,#D,,#D,,#D,,#D,,#D,378.784,#D,77463.27,OP14,258210.92,OP14,70,OP14,1/01/1965,CONF,,,WWP037622,IN,PS18,RMCO,0,,PS18,RMCO
WCC,IF,INUS,CONF,WWRM,CONF,225,CONF,225,#D,PE,CONF,PE,#D,,#D,,#D,,#D,,#D,24.674,#D,13066.37,OP14,13937.46,OP14,80,OP14,1/01/2009,CONF,PN16 SDR11,,WWP037895,IN,PS48 PS49,RMCO,0,,,
WCC,IF,INUS,CONF,WWRM,CONF,200,CONF,200,#D,STCL,CONF,STCL,#D,,#D,,#D,,#D,,#D,4.123,#D,1987.47,OP14,2168.15,OP14,60,OP14,1/01/2009,CONF,,,WWP037897,IN,PS49,RMCO,0,,,
WCC,IF,INUS,CONF,WWRM,CONF,125,CONF,125,#D,P80B,CONF,P80B,#D,,#D,,#D,,#D,,#D,1.997,#D,785.59,OP14,816.19,OP14,80,OP14,1/01/2011,CONF,SDR11,,WWP037928,IN,PSZealandia,RMCO,0,,,
WCC,IF,INUS,CONF,WWRM,CONF,250,HARM,250,#D,HDPE,HARM,HDPE,#D,,#D,,#D,,#D,,#D,1.459,#D,326.66,OP14,653.33,OP14,100,OP14,1/01/1955,HARM,,,WWP037945,IN,PS42,RMCO,0,,PS42,RMCO
WCC,IF,INUS,CONF,WWRM,CONF,150,CONF,150,#D,ST,MSIM,ST,#D,,#D,,#D,,#D,,#D,0.2,#D,82.09,OP14,89.56,OP14,60,OP14,1/01/2009,CONF,,,WWP038010,IN,PS48,RMCO,0,,,
WCC,IF,INUS,CONF,WWRM,CONF,150,CONF,150,#D,HDPE,CONF,HDPE,#D,,#D,,#D,,#D,,#D,213.14,#D,66809.48,OP14,95442.12,OP14,80,OP14,1/01/1990,CONF,SDR17,,WWP038011,IN,PS33 PS74,RMCO,1,,,
WCC,IF,INUS,CONF,WWRM,CONF,150,CONF,150,#D,PLST,HARM,PLST,#D,,#D,,#D,EPOX,HARM,EPOX,#D,60.404,#D,1136.49,OP14,27048.35,OP14,119,OP14,2/01/1900,CONF,,,WWP023878,IN,PS19,RMCO,0,,,
WCC,IF,INUS,CONF,WWRM,CONF,400,CONF,400,#D,HDPE,CONF,HDPE,#D,,#D,,#D,,#D,,#D,61.006,#D,40213.62,OP14,51064.92,OP14,80,OP14,1/01/1997,CONF,SDR22,CONF,WWP031066,IN,PS23 PS24,RMCO,0,,,
WCC,IF,INUS,CONF,WWRM,CONF,315,CONF,315,#D,HDPE,CONF,HDPE,#D,,#D,,#D,,#D,,#D,65.36,#D,23039.96,OP14,46079.92,OP14,80,OP14,1/01/1975,HARM,SDR17,,WWP038039,IN,PS26,RMCO,0,,,
WCC,IF,INUS,CONF,WWRM,CONF,160,CONF,160,#D,HDPE,CONF,HDPE,#D,,#D,,#D,,#D,,#D,258.093,#D,100168.55,OP14,119604.23,OP14,80,OP14,1/01/2001,CONF,SDR17,,WWP038040,IN,PS40,RMCO,0,,,
WCC,IF,INUS,CONF,WWRM,CONF,100,CONF,100,#D,HDPE,HARM,HDPE,#D,,#D,,#D,,#D,,#D,1.028,#D,349.55,OP14,379.95,OP14,100,OP14,1/01/2006,CONF,,,WWP038041,IN,PS40,RMCO,0,,,
WCC,IF,INUS,CONF,WWRM,CONF,100,CONF,100,#D,HDPE,HARM,HDPE,#D,,#D,,#D,,#D,,#D,1.149,#D,390.7,OP14,424.67,OP14,100,OP14,1/01/2006,CONF,,,WWP038042,IN,PS40,RMCO,0,,,
WCC,ASB,INUS,ASB,WWRM,ASB,375,,375,#D,HDPE,HARM,HDPE,#D,,#D,,#D,,#D,,#D,201.438,#D,80398.84,OP14,160797.67,OP14,100,OP14,1/01/1955,HARM,,,WWP039437,IN,PS23,RMCO,0,,,
WCC,IF,INUS,CONF,WWRM,CONF,350,CONF,350,#D,CI,CONF,CI,#D,,#D,,#D,,#D,,#D,76.309,#D,11590.15,OP14,57950.74,OP14,70,OP14,1/01/1958,CONF,,,WWP038043,IN,PS23,RMCO,0,,,
WCC,IF,INUS,CONF,WWRM,CONF,350,CONF,350,#D,CI,CONF,CI,#D,,#D,,#D,,#D,,#D,17.286,#D,2625.47,OP14,13127.37,OP14,70,OP14,1/01/1958,CONF,,,WWP038044,IN,PS23,RMCO,0,,,
WCC,IF,INUS,CONF,WWRM,CONF,450,HARM,450,#D,CI,CONF,CI,#D,,#D,,#D,,#D,,#D,1.537,#D,344.13,OP14,688.25,OP14,70,OP14,1/01/1985,HARM,,,WWP038046,IN,PS01 PS02 PS04,RMCO,0,,,
WCC,IF,INUS,CONF,WWRM,CONF,250,CONF,250,#D,CI,CONF,CI,#D,,#D,,#D,,#D,,#D,19.301,#D,2335.9,OP14,9084.06,OP14,70,OP14,1/01/1962,CONF,,,WWP038047,IN,PS06,RMCO,0,,CM - Wakefield St,RMCO
WCC,IF,INUS,CONF,WWRM,CONF,426,ASB,426,#D,CI,CONF,CI,#D,,#D,,#D,,#D,,#D,3.915,#D,883.26,OP14,3434.9,OP14,70,OP14,1/01/1962,JB,,,WWP035546,IN,PS05,RMCO,0,,CM - Wakefield St,RMCO
WCC,IF,INUS,CONF,WWRM,CONF,375,CONF,375,#D,DICL,CONF,DICL,#D,,#D,,#D,,#D,,#D,2.16,#D,1527.16,OP14,1724.22,OP14,70,OP14,1/01/2006,CONF,,,WWP038050,IN,PS01,RMCO,0,,,
WCC,IF,INUS,CONF,WWRM,CONF,300,CONF,300,#D,CI,CONF,CI,#D,,#D,,#D,,#D,,#D,23.825,#D,5336.37,OP14,16241.12,OP14,70,OP14,1/01/1967,CONF,,,WWP038051,IN,PS01,RMCO,0,,,
WCC,IF,INUS,CONF,WWRM,CONF,300,CONF,300,#D,CI,CONF,CI,#D,,#D,,#D,,#D,,#D,1.236,#D,216.66,OP14,842.56,OP14,70,OP14,1/01/1962,CONF,,,WWP038053,IN,PS07,RMCO,0,,,
WCC,IF,INUS,CONF,WWRM,CONF,300,CONF,300,#D,CI,CONF,CI,#D,,#D,,#D,,#D,,#D,11.625,#D,2037.75,OP14,7924.57,OP14,70,OP14,1/01/1962,CONF,,,WWP038054,IN,PS07,RMCO,1,,,
WCC,IF,INUS,CONF,WWRM,CONF,250,CONF,250,#D,CI,CONF,CI,#D,,#D,,#D,,#D,,#D,10.476,#D,1626.62,OP14,6325.75,OP14,70,OP14,1/01/1962,CONF,,,WWP038055,IN,PS07,RMCO,1,,,
WCC,IF,INUS,CONF,WWRM,CONF,380,CONF,380,#D,CI,CONF,CI,#D,,#D,,#D,,#D,,#D,208.094,#D,11647.64,OP14,167726.04,OP14,72,OP14,1/01/1947,CONF,,,WWP038056,IN,PS08 PS09 PS42,RMCO,0,,CM - Waring Talor St,RMCO
WCC,IF,INUS,CONF,WWRM,CONF,350,CONF,350,#D,CI,CONF,CI,#D,,#D,,#D,,#D,,#D,3.547,#D,187.06,OP14,2693.67,OP14,72,OP14,1/01/1947,CONF,,,WWP038057,IN,PS09 PS42,RMCO,1,,CM - Waring Talor St,RMCO
WCC,IF,INUS,CONF,WWRM,CONF,398,ASB,398,#D,CI,CONF,CI,#D,,#D,,#D,,#D,,#D,51.77,#D,2998.15,OP14,43173.31,OP14,72,OP14,1/01/1947,CONF,,,WWP038058,IN,PS09,RMCO,2,,PS09,RMCO
WCC,IF,INUS,CONF,WWRM,CONF,200,CONF,200,#D,ST,JB,ST,#D,,#D,,#D,,#D,,#D,0.118,#D,55.85,OP14,62.05,OP14,60,OP14,1/01/2008,CONF,,,WWP038059,IN,PS12,RMCO,0,,,
WCC,IF,INUS,CONF,WWRM,CONF,200,CONF,200,#D,ST,MSIM,ST,#D,,#D,,#D,,#D,,#D,2.046,#D,968.33,OP14,1075.93,OP14,60,OP14,1/01/2008,CONF,,,WWP038060,IN,PS12,RMCO,0,,,
WCC,IF,INUS,CONF,WWRM,CONF,200,CONF,200,#D,ST,MSIM,ST,#D,,#D,,#D,,#D,,#D,0.513,#D,242.79,OP14,269.77,OP14,60,OP14,1/01/2008,CONF,,,WWP022827,IN,PS11,RMCO,0,,,
WCC,IF,INUS,CONF,WWRM,CONF,200,CONF,200,#D,ST,MSIM,ST,#D,,#D,,#D,,#D,,#D,0.129,#D,61.05,OP14,67.84,OP14,60,OP14,1/01/2008,CONF,,,WWP038061,IN,PS11,RMCO,0,,,
WCC,IF,INUS,CONF,WWRM,CONF,110,CONF,110,#D,HDPE,CONF,HDPE,#D,,#D,,#D,,#D,,#D,138.882,#D,42803.16,OP14,53503.94,OP14,80,OP14,1/01/1998,CONF,SDR22,CONF,WWP038063,IN,PS13,RMCO,0,,,
WCC,,INUS,,WWRM,,160,,160,#D,HPPE,,HPPE,#D,,#D,,#D,,#D,,#D,274.777,#D,,,,,,,,,,#D,WWP041700,,PS36,RMCO,0,,,
WCC,IF,INUS,CONF,WWRM,CONF,350,CONF,350,#D,HDPE,CONF,HDPE,#D,,#D,,#D,,#D,,#D,2.404,#D,912.83,OP14,1825.65,OP14,80,OP14,1/01/1975,HARM,SDR17,,WWP038168,IN,PS26,RMCO,0,,,
WCC,IF,INUS,CONF,WWRM,CONF,667,CONF,667,#D,ST,MSIM,ST,#D,,#D,,#D,,#D,,#D,72.473,#D,58868.01,OP14,90566.18,OP14,60,OP14,1/01/1993,CONF,,,WWP038263,IN,PS38,RMCO,0,,,
WCC,IF,INUS,CONF,WWRM,CONF,667,CONF,667,#D,ST,MSIM,ST,#D,,#D,,#D,,#D,,#D,136.394,#D,110789.45,OP14,170445.31,OP14,60,OP14,1/01/1993,CONF,,,WWP038270,IN,PS38,RMCO,0,,,
WCC,IF,INUS,CONF,WWRM,CONF,400,CONF,400,#D,HDPE,CONF,HDPE,#D,,#D,,#D,,#D,,#D,7.553,#D,4978.75,OP14,6322.22,OP14,80,OP14,1/01/1997,CONF,SDR22,CONF,WWP036304,IN,PS23 PS24,RMCO,0,,,
WCC,ASB,INUS,,WWRM,,175,ASB,175,#D,CI,ASB,CI,#D,,#D,,#D,,#D,,#D,90.176,#D,20040.67,OP14,40081.34,OP14,70,OP14,1/01/1985,HARM,,,WWP039427,IN,PS15,RMCO,0,,PS15,RMCO
WCC,ASB,INUS,,WWRM,,175,ASB,175,#D,CI,ASB,CI,#D,,#D,,#D,,#D,,#D,330.785,#D,80520.27,OP14,161040.54,OP14,70,OP14,1/01/1985,HARM,,,WWP039440,IN,PS15,RMCO,0,,PS15,RMCO
WCC,,INUS,ASB,WWRM,ASB,150,HARM,150,#D,EARE,HARM,EARE,#D,,#D,,#D,,#D,,#D,6.011,#D,1345.84,OP14,2691.67,OP14,100,OP14,1/01/1955,HARM,,,WWP039442,IN,PS16,RMCO,0,,PS16,RMCO
WCC,ASB,INUS,ASB,WWRM,ASB,150,HARM,150,#D,EARE,HARM,EARE,#D,,#D,,#D,,#D,,#D,274.611,#D,63069.09,OP14,126138.18,OP14,100,OP14,1/01/1955,HARM,,,WWP039447,IN,PS16,RMCO,0,,PS16,RMCO
WCC,,INUS,,WWRM,ASB,300,HARM,300,#D,RCON,HARM,RCON,#D,,#D,,#D,,#D,,#D,3.304,#D,739.75,OP14,1479.5,OP14,100,OP14,1/01/1955,HARM,,,WWP039444,IN,PS17,RMCO,0,,PS17,RMCO
WCC,ASB,INUS,ASB,WWRM,ASB,450,HARM,450,#D,CONC,HARM,CONC,#D,,#D,,#D,,#D,,#D,242.903,#D,54384.86,OP14,108769.72,OP14,100,OP14,1/01/1955,HARM,,,WWP039446,IN,PS23,RMCO,0,,,
WCC,ASB,INUS,ASB,WWRM,ASB,375,,375,#D,RCON,,RCON,#D,,#D,,#D,,#D,,#D,381.866,#D,41748.02,OP14,83496.04,OP14,80,OP14,1/01/1975,HARM,,,WWP039449,IN,PS23 PS24,RMCO,0,,,
WCC,,INUS,,WWRM,ASB,150,HARM,150,#D,EARE,HARM,EARE,#D,,#D,,#D,,#D,,#D,81.841,#D,18323.82,OP14,36647.64,OP14,100,OP14,1/01/1955,HARM,,,WWP039753,MSIM,PS17,RMCO,0,,PS17,RMCO
WCC,,INUS,,WWRM,ASB,100,ASB,100,#D,AC,ASB,AC,#D,,#D,,#D,,#D,,#D,399.978,#D,73916.01,OP14,147832.03,OP14,70,OP14,1/01/1979 12:17:55 p.m.,,,,WWP006525,IN,PS33,RMCO,0,,,
WCC,,INUS,,WWRM,ASB,150,ASB,150,#D,RCON,HARM,RCON,#D,,#D,,#D,,#D,,#D,51.128,#D,18077.48,OP14,21780.09,OP14,100,OP14,1/01/1997 1:39:26 p.m.,ASB,,,WWP039453,IN,PS31,RMCO,0,,,
WCC,,INUS,,WWRM,ASB,250,ASB,250,#D,EARE,HARM,EARE,#D,,#D,,#D,,#D,,#D,30.485,#D,9203.92,OP14,18407.83,OP14,100,OP14,1/01/1955,HARM,,,WWP039596,,PS19,RMCO,0,,,
WCC,,INUS,,WWRM,ASB,150,ASB,150,#D,EARE,HARM,EARE,#D,,#D,,#D,,#D,,#D,18.976,#D,4248.64,OP14,8497.28,OP14,100,OP14,1/01/1955,HARM,,,WWP039595,,PS22,RMCO,0,,,
WCC,,INUS,,WWRM,ASB,250,ASB,250,#D,EARE,HARM,EARE,#D,,#D,,#D,,#D,,#D,3.14,#D,948.02,OP14,1896.03,OP14,100,OP14,1/01/1955,HARM,,,WWP039597,,PS19 PS22,RMCO,0,,,
WCC,,INUS,,WWRM,,250,HARM,250,#D,EARE,HARM,EARE,#D,,#D,,#D,,#D,,#D,395.62,#D,88577.49,OP14,177154.98,OP14,100,OP14,1/01/1955,HARM,,,WWP039601,CALC,PS19 PS22,RMCO,0,,,
WCC,,INUS,,WWRM,,450,ASB,450,#D,CI,ASB,CI,#D,,#D,,#D,,#D,,#D,115.775,#D,52941.58,OP14,105883.17,OP14,70,OP14,1/01/1899,ASB,,,WWP040052,,PS01 PS02 PS03 PS04,RMCO,0,,,
WCC,,INUS,CONF,WWRM,CONF,50,CONF,50,#D,HDPE,CONF,HDPE,#D,,#D,,#D,,#D,,#D,43.701,#D,9385.32,OP14,12110.09,OP14,80,OP14,1/01/1996,,,,WWP015712,IN,PS45,RMCO,0,,,
WCC,IF,INUS,CONF,WWRM,CONF,350,CONF,350,#D,CI,CONF,CI,#D,,#D,,#D,,#D,,#D,31.347,#D,5380.55,OP14,20924.36,OP14,70,OP14,1/01/1962,CONF,,,WWP023231,IN,PS05,RMCO,0,,CM - Wakefield St,RMCO
WCC,IF,INUS,CSEA,WWRM,CSEA,63,CSEA,63,#D,PE,CSEA,PE,#D,,#D,,#D,,#D,,#D,28.034,#D,4368.63,OP14,8737.27,OP14,80,OP14,1/01/1975,HARM,,,WWP039825,,PS81,RMCO,0,,,
WCC,IF,INUS,CSEA,WWRM,CSEA,150,HARM,150,#D,EARE,HARM,EARE,#D,,#D,,#D,,#D,,#D,61.183,#D,13698.59,OP14,27397.18,OP14,100,OP14,1/01/1955,HARM,,,WWP039826,,PS69,RMCO,0,,PS69,RMCO
WCC,IF,INUS,CONF,WWRM,CONF,200,CONF,200,#D,AC,CONF,AC,#D,,#D,,#D,,#D,,#D,4.707,#D,777.94,OP14,2475.26,OP14,70,OP14,1/01/1966,JB,D,CONF,WWP036630,IN,PS27,RMCO,0,,,
WCC,IF,INUS,CSEA,WWRM,CSEA,200,ASB,200,#D,CI,ASB,CI,#D,,#D,,#D,,#D,,#D,39.138,#D,10430.59,OP14,20861.19,OP14,70,OP14,1/01/1985,HARM,,,WWP039958,ASB,PS04,RMCO,0,,,
WCC,IF,INUS,CONF,WWRM,CONF,400,ASB,400,#D,CI,CONF,CI,#D,,#D,,#D,,#D,,#D,10.563,#D,2905.14,OP14,8841.73,OP14,70,OP14,1/01/1967,CONF,,,WWP022535,IN,PS01 PS02 PS04,RMCO,0,,,
WCC,IF,INUS,CSEA,WWRM,CSEA,150,HARM,150,#D,AC,HARM,AC,#D,,#D,,#D,,#D,,#D,21.29,#D,4766.73,OP14,9533.47,OP14,100,OP14,1/01/1955,HARM,,,WWP039847,,PS62,RMCO,0,,,
WCC,IF,INUS,CSEA,WWRM,CSEA,160,CSEA,160,INM,HDPE,INM,HDPE,INM,,#D,,#D,,#D,,#D,158.962,#D,36832.94,OP14,73665.88,OP14,80,OP14,1/01/1975,HARM,,,WWP039851,,PS37,RMCO,0,,PS37,RMCO
WCC,IF,INUS,CONF,WWRM,CONF,200,CONF,200,#D,HDPE,JB,HDPE,#D,,#D,,#D,,#D,,#D,15.542,#D,7151.41,OP14,8173.04,OP14,80,OP14,1/01/2004,JB,,,WWP012375,IN,PS24,RMCO,0,,,
WCC,IF,INUS,CONF,WWRM,CONF,200,CONF,200,#D,HDPE,JB,HDPE,#D,,#D,,#D,,#D,,#D,6.874,#D,3162.97,OP14,3614.82,OP14,80,OP14,1/01/2004,JB,,,WWP039918,IN,PS24,RMCO,0,,,
PVT,LLUS,INUS,CSEA,WWRM,CSEA,100,CSEA,100,#D,AC,CSEA,AC,#D,,#D,,#D,,#D,,#D,2191.613,#D,405010.52,OP14,810021.04,OP14,70,OP14,1/01/1985,HARM,,,WWP039923,,PS68,RMCO,0,,PS68,RMCO
WCC,IF,INUS,CSEA,WWRM,CSEA,150,HARM,150,#D,HDPE,HARM,HDPE,#D,,#D,,#D,,#D,,#D,4.292,#D,960.96,OP14,1921.92,OP14,100,OP14,1/01/1955,HARM,,,WWP039929,,PS02,RMCO,0,,,
WCC,IF,INUS,CSEA,WWRM,CSEA,100,CSEA,100,#D,EARE,HARM,EARE,#D,,#D,,#D,,#D,,#D,33.343,#D,6161.79,OP14,12323.59,OP14,100,OP14,1/01/1955,HARM,,,WWP039930,,PS02,RMCO,0,,,
WCC,IF,INUS,CSEA,WWRM,CSEA,1350,HARM,1350,#D,RCON,HARM,RCON,#D,,#D,,#D,,#D,,#D,321.312,#D,70501.47,OP14,143880.54,OP14,100,OP14,11/01/1963,CSEA,,,WWP039861,,PS19 PS22,RMCO,0,,,
WCC,IF,INUS,CONF,WWRM,CONF,300,CONF,300,#D,CI,CONF,CI,#D,,#D,,#D,,#D,,#D,51.344,#D,9000.1,OP14,35000.37,OP14,70,OP14,1/01/1962,CONF,,,WWP040048,,PS07,RMCO,0,,,
WCC,IF,INUS,CONF,WWRM,CONF,225,CONF,225,#D,CI,CONF,CI,#D,,#D,,#D,,#D,,#D,34.564,#D,9761.99,OP14,19523.97,OP14,70,OP14,1/01/1985,HARM,,,WWP033708,IN,PS08,RMCO,0,,PS08,RMCO
WCC,IF,INUS,CONF,WWRM,CONF,350,ASB,350,#D,CI,CONF,CI,#D,,#D,,#D,,#D,,#D,13.845,#D,3454.67,OP14,10514.2,OP14,70,OP14,1/01/1967,CONF,,,WWP039838,CSEA,PS01 PS02,RMCO,0,,,
WCC,IF,INUS,CSEA,WWRM,CSEA,250,ASB,250,#D,CI,ASB,CI,#D,,#D,,#D,,#D,,#D,111.778,#D,33747.59,OP14,67495.18,OP14,70,OP14,1/01/1985,HARM,,,WWP039837,,PS04,RMCO,0,,,
WCC,IF,INUS,CONF,WWRM,CONF,250,CONF,250,#D,EARE,HARM,EARE,#D,,#D,,#D,,#D,,#D,25.283,#D,7633.35,OP14,15266.7,OP14,100,OP14,1/01/1955,HARM,,,WWP019063,IN,PS09,RMCO,0,,PS09,RMCO
WCC,IF,INUS,CONF,WWRM,CONF,300,ASB,300,#D,HDPE,CONF,HDPE,#D,,#D,,#D,,#D,,#D,354.652,#D,120880.26,OP14,241760.52,OP14,80,OP14,1/01/1975,HARM,,,WWP038062,IN,PS11,RMCO,0,,,
WCC,IF,INUS,CONF,WWRM,ASB,300,ASB,300,#D,CI,ASB,CI,#D,,#D,,#D,,#D,,#D,2.837,#D,966.97,OP14,1933.94,OP14,70,OP14,1/01/1985,HARM,UNK,ASB,WWP036987,IN,PS11 PS12,RMCO,0,,,
WCC,IF,INUS,CONF,WWRM,CONF,160,CONF,160,#D,HDPE,CONF,HDPE,#D,,#D,,#D,,#D,,#D,13.043,#D,5817.66,OP14,6044.33,OP14,80,OP14,1/08/2011,CONF,,,WWP023142,IN,PS21,RMCO,0,,CM - Waterloo Quay,RMCO
WCC,IF,INUS,CONF,WWRM,CONF,152,CONF,152,#D,HDPE,CONF,HDPE,#D,,#D,,#D,,#D,,#D,2.436,#D,686.52,OP14,1098.43,OP14,80,OP14,1/01/1984,CONF,,,WWP021521,IN,PS21,RMCO,0,,CM - Waterloo Quay,RMCO
WCC,IF,INUS,CONF,WWRM,CONF,100,CONF,100,#D,CU,CONF,CU,#D,,#D,,#D,,#D,,#D,248.359,#D,45896.79,OP14,91793.59,OP14,80,OP14,1/01/1975,HARM,,,WWP034687,IN,PS44,RMCO,0,,PS44,RMCO
WCC,KOKE,INUS,CONF,WWRM,CONF,65,KOKE,65,#D,HPPE,KOKE,HPPE,#D,,#D,,#D,,#D,,#D,1.884,#D,487.76,OP14,948.42,OP14,70,OP14,1/01/1980,CONF,,,WWP019207,IN,PS39,RMCO,0,,PS39,RMCO
WCC,KOKE,INUS,KOKE,WWRM,KOKE,65,KOKE,65,#D,HPPE,KOKE,HPPE,#D,,#D,,#D,,#D,,#D,1.795,#D,,,,,,,,,,#D,WWP041702,,PS39,RMCO,0,,PS39,RMCO
WCC,KOKE,INUS,CSEA,WWRM,CSEA,150,HARM,150,#D,UPVC,HARM,UPVC,#D,,#D,,#D,,#D,,#D,469.614,#D,104682.28,OP14,209364.57,OP14,100,OP14,1/01/1955,HARM,,,WWP039920,,PS48,RMCO,0,,,
WCC,KOKE,INUS,CSEA,WWRM,CSEA,150,HARM,150,#D,STS,KOKE,STS,#D,,#D,,#D,,#D,,#D,3.068,#D,104682.28,OP14,209364.57,OP14,100,OP14,1/01/1955,HARM,,,WWP041750,KOKE,PS48,RMCO,0,,,
WCC,KOKE,INUS,KOKE,WWRM,KOKE,150,KOKE,150,#D,PLST,KOKE,PLST,#D,,#D,,#D,,#D,,#D,0.611,#D,,,,,,,,,,#D,WWP041785,CSEA,PS48,RMCO,0,,,
WCC,KOKE,INUS,CONF,WWRM,CONF,200,CONF,200,#D,STCL,CONF,STCL,#D,,#D,,#D,,#D,,#D,364.994,#D,98025.49,OP14,196050.99,OP14,60,OP14,1/01/1975,HARM,,,WWP012333,IN,PS49,RMCO,0,,,
WCC,IF,INUS,CONF,WWRM,CONF,400,ASB,400,#D,CI,CONF,CI,#D,,#D,,#D,,#D,,#D,0.441,#D,337.5,OP14,369.14,OP14,70,OP14,1/01/2008,CONF,,,WWP038045,IN,PS01 PS02 PS04,RMCO,0,,,
WCC,ASB,INUS,ASB,WWRM,ASB,250,WWST,250,#D,STCL,WWST,STCL,#D,,#D,,#D,,#D,,#D,130.834,#D,268252.41,OP14,536504.81,OP14,100,OP14,1/01/1955,HARM,,,WWP039445,IN,PS16,RMCO,0,,PS16,RMCO
WCC,ASB,INUS,ASB,WWRM,ASB,250,WWST,250,#D,STCL,WWST,STCL,#D,CIP,WWST,CIP,#D,,#D,,#D,100.617,#D,268252.41,OP14,536504.81,OP14,100,OP14,1/01/1955,HARM,,,WWP039445,IN,PS16,RMCO,0,,PS16,RMCO
WCC,ASB,INUS,ASB,WWRM,ASB,275,WWST,275,#D,PE,WWST,PE,#D,,#D,,#D,,#D,,#D,46.383,#D,268252.41,OP14,536504.81,OP14,100,OP14,1/01/1955,HARM,,,WWP039445,IN,PS16,RMCO,0,,PS16,RMCO
WCC,,INUS,,WWRM,,300,ASB,300,#D,CI,CPLN,CI,#D,,#D,,#D,,#D,,#D,2.292,#D,,,,,,,1/01/1955,HARM,,#D,WWP023107,,PS01,RMCO,0,,,
WCC,,INUS,ASB,WWRM,ASB,50,ASB,50,ASB,,#D,,#D,,#D,,#D,,#D,,#D,1.739,ASB,,,,,,,26/08/2010,ASB,,#D,WWP041173,JGRE,PS60,RMCO,0,,PS60,RMCO
WCC,,INUS,ASB,WWRM,ASB,50,ASB,50,ASB,,#D,,#D,,#D,,#D,,#D,,#D,1.739,ASB,,,,,,,26/08/2010,ASB,,#D,WWP041408,,PS60,RMCO,0,,PS60,RMCO
WCC,ASB,INUS,ASB,WWRM,ASB,90,ASB,90,#D,HPPE,ASB,HDPE,ASB,,#D,,#D,,#D,,#D,119.259,#D,,,,,,,26/08/2010,ASB,,#D,WWP038049,,PS60,RMCO,0,,PS60,RMCO
WCC,IF,INUS,CONF,WWRM,CONF,250,CONF,250,#D,STCL,CONF,STCL,#D,,#D,,#D,,#D,,#D,2.477,#D,967.62,OP14,1116.49,OP14,60,OP14,1/01/2006,JB,,,WWP038052,IN,PS02,RMCO,0,,,
WCC,ASB,INUS,,WWRM,,40,ASB,40,#D,,#D,,#D,,#D,,#D,,#D,,#D,1.06,#D,,,,,,,1/01/2012,ASB,,#D,WWP041141,JGRE,PS80,RMCO,0,,,
WCC,,INUS,,WWRM,,100,ASB,100,#D,AC,ASB,AC,#D,,#D,,#D,,#D,,#D,485.847,#D,89246.67,OP14,178493.34,OP14,70,OP14,1/01/1979 12:18:04 p.m.,ASB,,,WWP039451,IN,PS33,RMCO,0,,,
WCC,INM,INUS,CONF,WWRM,CONF,225,CONF,225,INM,CI,CONF,CI,INM,,#D,,#D,,#D,,#D,258.148,#D,8423.24,OP14,149933.65,OP14,89,OP14,1/01/1930,CONF,,,WWP036892,IN,PS30,RMCO,0,,,
